--
-- PostgreSQL database dump
--

-- Dumped from database version 12.2
-- Dumped by pg_dump version 12.2

SET statement_timeout = 0;
SET lock_timeout = 0;
SET idle_in_transaction_session_timeout = 0;
SET client_encoding = 'UTF8';
SET standard_conforming_strings = on;
SELECT pg_catalog.set_config('search_path', '', false);
SET check_function_bodies = false;
SET xmloption = content;
SET client_min_messages = warning;
SET row_security = off;

--
-- Name: golfpool; Type: SCHEMA; Schema: -; Owner: xcidhpvweehrud
--

-- CREATE SCHEMA golfpool;


ALTER SCHEMA golfpool OWNER TO xcidhpvweehrud;

--
-- Name: adminpack; Type: EXTENSION; Schema: -; Owner: -
--

CREATE EXTENSION IF NOT EXISTS adminpack WITH SCHEMA pg_catalog;


--
-- Name: EXTENSION adminpack; Type: COMMENT; Schema: -; Owner: 
--

COMMENT ON EXTENSION adminpack IS 'administrative functions for PostgreSQL';


SET default_tablespace = '';

SET default_table_access_method = heap;

--
-- Name: event; Type: TABLE; Schema: golfpool; Owner: xcidhpvweehrud
--



DROP TABLE IF EXISTS golfpool.event CASCADE;
DROP TABLE IF EXISTS golfpool.event_leaderboard_xref CASCADE;
DROP TABLE IF EXISTS golfpool.event_standings_xref CASCADE;
DROP TABLE IF EXISTS golfpool.level_xref CASCADE;
DROP TABLE IF EXISTS golfpool.participant CASCADE;
DROP TABLE IF EXISTS golfpool.picks_xref CASCADE;
DROP TABLE IF EXISTS golfpool.pickset CASCADE;
DROP TABLE IF EXISTS golfpool.player CASCADE;
DROP TABLE IF EXISTS golfpool.season CASCADE;
DROP TABLE IF EXISTS golfpool.tournament CASCADE;


CREATE TABLE golfpool.event (
    tournament_id character varying(3) NOT NULL,
    season_year integer NOT NULL
);


ALTER TABLE golfpool.event OWNER TO xcidhpvweehrud;

--
-- Name: event_leaderboard_xref; Type: TABLE; Schema: golfpool; Owner: xcidhpvweehrud
--

CREATE TABLE golfpool.event_leaderboard_xref (
    tournament_id character varying(3) NOT NULL,
    season_year integer NOT NULL,
    player_tour_id character varying(5) NOT NULL,
    "position" character varying(4),
    score integer,
    points integer,
    player_id integer
);


ALTER TABLE golfpool.event_leaderboard_xref OWNER TO xcidhpvweehrud;

--
-- Name: event_standings_xref; Type: TABLE; Schema: golfpool; Owner: xcidhpvweehrud
--

CREATE TABLE golfpool.event_standings_xref (
    tournament_id character varying(5) NOT NULL,
    season_year integer NOT NULL,
    pickset_id integer NOT NULL,
    "position" character varying(4),
    points integer
);


ALTER TABLE golfpool.event_standings_xref OWNER TO xcidhpvweehrud;

--
-- Name: level_xref; Type: TABLE; Schema: golfpool; Owner: xcidhpvweehrud
--

CREATE TABLE golfpool.level_xref (
    season_year integer NOT NULL,
    level integer,
    player_id integer NOT NULL
);


ALTER TABLE golfpool.level_xref OWNER TO xcidhpvweehrud;

--
-- Name: participant; Type: TABLE; Schema: golfpool; Owner: xcidhpvweehrud
--

CREATE TABLE golfpool.participant (
    id integer NOT NULL,
    name text,
    email text,
    pin character varying(4)
);


ALTER TABLE golfpool.participant OWNER TO xcidhpvweehrud;

--
-- Name: participant_id_seq; Type: SEQUENCE; Schema: golfpool; Owner: xcidhpvweehrud
--

CREATE SEQUENCE golfpool.participant_id_seq
    AS integer
    START WITH 1
    INCREMENT BY 1
    NO MINVALUE
    NO MAXVALUE
    CACHE 1;


ALTER TABLE golfpool.participant_id_seq OWNER TO xcidhpvweehrud;

--
-- Name: participant_id_seq; Type: SEQUENCE OWNED BY; Schema: golfpool; Owner: xcidhpvweehrud
--

ALTER SEQUENCE golfpool.participant_id_seq OWNED BY golfpool.participant.id;


--
-- Name: picks_xref; Type: TABLE; Schema: golfpool; Owner: xcidhpvweehrud
--

CREATE TABLE golfpool.picks_xref (
    pickset_id integer NOT NULL,
    player_id integer NOT NULL
);


ALTER TABLE golfpool.picks_xref OWNER TO xcidhpvweehrud;

--
-- Name: pickset; Type: TABLE; Schema: golfpool; Owner: xcidhpvweehrud
--

CREATE TABLE golfpool.pickset (
    id integer NOT NULL,
    participant_id integer NOT NULL,
    season_year integer NOT NULL,
    num integer
);


ALTER TABLE golfpool.pickset OWNER TO xcidhpvweehrud;

--
-- Name: pickset_id_seq; Type: SEQUENCE; Schema: golfpool; Owner: xcidhpvweehrud
--

CREATE SEQUENCE golfpool.pickset_id_seq
    AS integer
    START WITH 1
    INCREMENT BY 1
    NO MINVALUE
    NO MAXVALUE
    CACHE 1;


ALTER TABLE golfpool.pickset_id_seq OWNER TO xcidhpvweehrud;

--
-- Name: pickset_id_seq; Type: SEQUENCE OWNED BY; Schema: golfpool; Owner: xcidhpvweehrud
--

ALTER SEQUENCE golfpool.pickset_id_seq OWNED BY golfpool.pickset.id;


--
-- Name: player; Type: TABLE; Schema: golfpool; Owner: xcidhpvweehrud
--

CREATE TABLE golfpool.player (
    tour_id character varying(5) NOT NULL,
    name text,
    id integer,
    photo_url text
);


ALTER TABLE golfpool.player OWNER TO xcidhpvweehrud;

--
-- Name: season; Type: TABLE; Schema: golfpool; Owner: xcidhpvweehrud
--

CREATE TABLE golfpool.season (
    year integer NOT NULL
);


ALTER TABLE golfpool.season OWNER TO xcidhpvweehrud;

--
-- Name: tournament; Type: TABLE; Schema: golfpool; Owner: xcidhpvweehrud
--

CREATE TABLE golfpool.tournament (
    id character varying(3) NOT NULL,
    name text
);


ALTER TABLE golfpool.tournament OWNER TO xcidhpvweehrud;

--
-- Name: participant id; Type: DEFAULT; Schema: golfpool; Owner: xcidhpvweehrud
--

ALTER TABLE ONLY golfpool.participant ALTER COLUMN id SET DEFAULT nextval('golfpool.participant_id_seq'::regclass);


--
-- Name: pickset id; Type: DEFAULT; Schema: golfpool; Owner: xcidhpvweehrud
--

ALTER TABLE ONLY golfpool.pickset ALTER COLUMN id SET DEFAULT nextval('golfpool.pickset_id_seq'::regclass);


--
-- Data for Name: event; Type: TABLE DATA; Schema: golfpool; Owner: xcidhpvweehrud
--

COPY golfpool.event (tournament_id, season_year) FROM stdin;
014	2018
026	2018
033	2018
100	2018
014	2017
026	2017
033	2017
100	2017
014	2016
026	2016
033	2016
100	2016
014	2019
033	2019
026	2019
100	2019
\.


--
-- Data for Name: event_leaderboard_xref; Type: TABLE DATA; Schema: golfpool; Owner: xcidhpvweehrud
--

COPY golfpool.event_leaderboard_xref (tournament_id, season_year, player_tour_id, "position", score, points, player_id) FROM stdin;
026	2019	31323	1	-13	100	30986
026	2019	36689	2	-10	75	53772
014	2016	32139	1	-5	100	39183
014	2016	20396	T2	-2	75	11117
014	2016	34046	T2	-2	75	40755
014	2016	25364	T4	-1	60	13186
014	2016	27141	T4	-1	60	23348
014	2016	30925	T4	-1	60	35289
014	2016	40098	T7	0	45	55868
014	2016	22986	T7	0	45	\N
014	2016	32839	T7	0	45	42724
014	2016	22405	T10	1	30	11890
014	2016	40026	T10	1	30	55749
014	2016	28237	T10	1	30	29449
014	2016	27649	T10	1	30	24368
014	2016	28089	T10	1	30	27615
026	2019	48081	T3	-7	65	59503
026	2019	46970	T3	-7	65	58207
026	2019	26476	T3	-7	65	20571
026	2019	22405	T3	-7	65	11890
026	2019	24502	T7	-6	45	12290
026	2019	26329	T7	-6	45	21550
026	2019	21528	T9	-5	35	12055
026	2019	34563	T9	-5	35	\N
026	2019	28237	T9	-5	35	29449
026	2019	46717	T12	-4	20	\N
026	2019	40098	T12	-4	20	55868
026	2019	48887	T12	-4	20	59897
026	2019	32139	T12	-4	20	39183
026	2019	29221	T16	-3	6	25524
026	2019	25198	T16	-3	6	12874
026	2019	33948	T16	-3	6	40988
026	2019	25572	T16	-3	6	18463
026	2019	23108	T16	-3	6	12713
026	2019	25364	T21	-2	0	13186
026	2019	30946	T21	-2	0	\N
026	2019	08793	T21	-2	0	11111
026	2019	28089	T21	-2	0	27615
026	2019	34363	T21	-2	0	42069
014	2017	21209	1	-9	100	11121
014	2017	22405	2	-9	75	11890
014	2017	26331	3	-6	65	21541
014	2017	23108	T4	-5	60	12713
014	2017	33293	T4	-5	60	55830
014	2017	25364	6	-4	50	13186
014	2017	32366	T7	-3	45	31069
014	2017	28237	T7	-3	45	29449
014	2017	24502	T9	-2	35	12290
014	2017	26596	T9	-2	35	22381
014	2017	32839	T11	-1	25	42724
014	2017	34098	T11	-1	25	30560
014	2017	36689	T11	-1	25	53772
014	2017	32102	T11	-1	25	25066
014	2017	34046	T11	-1	25	40755
014	2017	27408	T16	0	6	23957
014	2017	06527	T16	0	6	11472
014	2017	24361	T18	1	3	11950
014	2017	01226	T18	1	3	11140
014	2017	25632	T18	1	3	18572
014	2017	20396	T18	1	3	11117
014	2017	28089	T22	2	0	27615
014	2017	33448	T22	2	0	40949
014	2017	01810	T22	2	0	11134
014	2017	31202	T22	2	0	26422
014	2017	12716	T22	2	0	12218
014	2017	29518	T27	3	0	24940
014	2017	40026	T27	3	0	55749
014	2017	29974	T27	3	0	37456
014	2017	27649	T27	3	0	24368
014	2017	46970	T27	3	0	58207
014	2016	30978	T15	3	9	39176
014	2016	26329	T15	3	9	21550
014	2016	26499	T17	4	4	22156
014	2016	29926	T17	4	4	34771
014	2016	31646	T17	4	4	40792
014	2016	29420	T17	4	4	30944
014	2016	47959	T21	5	0	59146
014	2016	36689	T21	5	0	53772
014	2016	25369	T21	5	0	13524
014	2016	21528	T24	6	0	12055
014	2016	24924	T24	6	0	22176
014	2016	23108	T24	6	0	12713
014	2016	20848	T24	6	0	\N
014	2016	01666	T24	6	0	11357
014	2016	29221	T29	7	0	25524
014	2016	25818	T29	7	0	\N
014	2016	12716	T29	7	0	12218
014	2016	25632	T29	7	0	18572
014	2016	46440	T29	7	0	\N
014	2016	21209	T34	8	0	11121
014	2016	27214	T34	8	0	21719
026	2019	32839	T21	-2	0	42724
026	2019	35450	T21	-2	0	40805
026	2019	49960	T28	-1	0	\N
026	2019	33204	T28	-1	0	40528
026	2019	10809	T28	-1	0	11149
026	2019	28775	T28	-1	0	\N
026	2019	46404	T32	0	0	\N
026	2019	34360	T32	0	0	39746
026	2019	29420	T32	0	0	30944
026	2019	49964	T35	1	0	61645
026	2019	47959	T35	1	0	59146
026	2019	50525	T35	1	0	\N
026	2019	27408	T35	1	0	23957
026	2019	25686	T35	1	0	18832
026	2019	26851	T35	1	0	24147
026	2019	30925	T35	1	0	35289
026	2019	52374	T35	1	0	\N
026	2019	34256	T43	2	0	\N
026	2019	23621	T43	2	0	11454
026	2019	40006	T43	2	0	\N
014	2016	29454	T34	8	0	28231
014	2016	25804	T37	9	0	20442
014	2016	29478	T37	9	0	25558
026	2019	35532	T43	2	0	\N
026	2019	32102	T43	2	0	25066
026	2019	25493	T43	2	0	\N
026	2019	29478	T49	3	0	25558
026	2019	40026	T49	3	0	55749
026	2019	45526	T49	3	0	56621
026	2019	01810	T52	4	0	11134
026	2019	21961	T52	4	0	12295
026	2019	33667	T52	4	0	\N
026	2019	21209	T52	4	0	11121
026	2019	35296	T52	4	0	43166
026	2019	25818	T52	4	0	\N
026	2019	49633	T58	5	0	\N
026	2019	24024	T58	5	0	12184
026	2019	33592	T58	5	0	\N
026	2019	52096	T58	5	0	\N
026	2019	34099	T58	5	0	34793
026	2019	31646	T58	5	0	40792
026	2019	57361	T58	5	0	\N
026	2019	27140	T65	6	0	\N
026	2019	30110	T65	6	0	25026
014	2018	01717	\N	6	0	\N
026	2019	31560	T65	6	0	\N
026	2019	26499	T65	6	0	22156
026	2019	30911	T65	6	0	39840
026	2019	34046	T65	6	0	40755
026	2019	30907	71	7	0	\N
026	2019	35891	T72	8	0	44740
026	2019	23983	T72	8	0	16506
026	2019	40181	T72	8	0	\N
026	2019	29222	T72	8	0	\N
026	2019	29454	76	10	0	28231
026	2019	27649	77	11	0	24368
026	2019	55421	78	13	0	\N
026	2019	57364	79	20	0	\N
026	2019	25321	\N	3	0	\N
026	2019	34255	\N	3	0	\N
026	2019	25900	\N	3	0	20583
026	2019	46501	\N	3	0	\N
026	2019	26300	\N	3	0	\N
026	2019	57365	\N	3	0	\N
026	2019	27942	\N	3	0	\N
026	2019	47988	\N	3	0	\N
026	2019	02206	\N	4	0	\N
026	2019	27129	\N	4	0	\N
026	2019	29974	\N	4	0	37456
026	2019	39546	\N	4	0	55330
026	2019	29725	\N	4	0	35455
026	2019	25632	\N	4	0	18572
026	2019	24138	\N	4	0	11875
026	2019	28938	\N	4	0	33413
026	2019	56358	\N	4	0	\N
014	2016	37250	T39	10	0	\N
014	2016	33448	T39	10	0	40949
014	2016	33204	T39	10	0	40528
014	2016	28339	T42	11	0	29767
014	2016	32640	T42	11	0	\N
014	2016	31420	T42	11	0	\N
014	2016	34099	T42	11	0	34793
014	2016	24502	T42	11	0	12290
014	2016	01706	T42	11	0	\N
014	2016	22000	T42	11	0	\N
014	2016	24138	T49	12	0	11875
014	2016	27408	T49	12	0	23957
014	2016	34360	T49	12	0	39746
014	2016	01823	T52	13	0	\N
014	2016	33141	T52	13	0	34657
014	2016	24781	54	14	0	22823
014	2016	25396	T55	15	0	13627
014	2016	35891	T55	15	0	44740
014	2016	24511	57	19	0	\N
014	2016	33948	\N	7	0	40988
014	2016	22378	\N	7	0	12968
014	2016	23325	\N	7	0	\N
014	2016	26851	\N	7	0	24147
014	2016	01810	\N	7	0	11134
014	2016	34409	\N	8	0	\N
014	2016	26331	\N	8	0	21541
026	2019	30191	\N	4	0	\N
026	2019	46046	\N	4	0	56855
026	2019	30927	\N	4	0	\N
026	2019	51563	\N	4	0	\N
026	2019	33448	\N	4	0	40949
026	2019	34076	\N	5	0	\N
026	2019	57362	\N	5	0	\N
026	2019	27349	\N	5	0	23905
026	2019	22371	\N	5	0	12723
026	2019	48153	\N	5	0	\N
026	2019	29223	\N	5	0	\N
026	2019	33974	\N	5	0	\N
026	2019	45242	\N	5	0	\N
026	2019	29936	\N	5	0	\N
026	2019	32757	\N	5	0	25578
026	2019	39954	\N	6	0	\N
026	2019	34656	\N	6	0	\N
026	2019	48699	\N	6	0	\N
026	2019	33968	\N	6	0	41415
026	2019	10423	\N	6	0	11514
026	2019	06522	\N	6	0	11139
026	2019	37157	\N	7	0	\N
026	2019	47989	\N	7	0	\N
026	2019	25396	\N	7	0	13627
026	2019	33141	\N	7	0	34657
026	2019	51586	\N	7	0	\N
026	2019	30978	\N	7	0	39176
026	2019	49813	\N	7	0	\N
026	2019	47529	\N	7	0	\N
026	2019	55413	\N	7	0	\N
026	2019	27141	\N	7	0	23348
026	2019	27064	\N	7	0	23244
026	2019	35539	\N	8	0	\N
026	2019	32775	\N	8	0	\N
026	2019	36632	\N	8	0	\N
026	2019	32791	\N	8	0	\N
026	2019	34449	\N	8	0	\N
026	2019	25804	\N	8	0	20442
026	2019	37455	\N	8	0	43344
026	2019	35139	\N	8	0	\N
026	2019	57366	\N	9	0	\N
026	2019	31420	\N	9	0	\N
014	2016	33122	\N	8	0	40389
014	2016	29974	\N	8	0	37456
014	2016	02256	\N	8	0	\N
014	2016	24024	\N	8	0	12184
014	2016	06522	\N	9	0	11139
014	2016	25572	\N	9	0	18463
014	2016	31557	\N	9	0	26768
014	2016	49575	\N	9	0	\N
014	2016	32102	\N	9	0	25066
014	2016	25686	\N	9	0	18832
014	2016	30926	\N	9	0	\N
014	2016	06567	\N	9	0	11146
014	2016	10423	\N	10	0	11514
014	2016	26596	\N	11	0	22381
014	2016	28071	\N	12	0	\N
014	2016	34431	\N	12	0	25069
014	2016	01887	\N	13	0	\N
014	2016	28679	\N	13	0	\N
014	2016	01717	\N	13	0	\N
014	2016	39826	\N	13	0	\N
014	2016	35314	\N	13	0	43240
014	2016	19825	\N	16	0	11337
014	2016	25274	\N	17	0	13221
014	2016	02300	\N	19	0	\N
014	2016	49576	\N	21	0	\N
033	2017	32816	T48	5	0	\N
026	2016	30925	1	-4	100	35289
026	2017	46567	\N	4	0	\N
026	2017	34021	\N	4	0	40971
026	2017	34363	\N	4	0	42069
026	2017	50735	\N	4	0	\N
026	2017	30925	\N	4	0	35289
026	2017	33408	\N	4	0	\N
026	2017	26525	\N	5	0	\N
026	2017	24140	\N	5	0	\N
026	2017	28237	\N	5	0	29449
026	2017	37275	\N	5	0	\N
026	2017	32775	\N	5	0	\N
026	2017	39958	\N	5	0	\N
026	2017	46970	\N	5	0	58207
033	2017	24924	T54	6	0	22176
033	2017	06527	T54	6	0	11472
033	2017	25240	T54	6	0	13023
033	2017	29936	T54	6	0	\N
026	2016	10809	T2	-1	75	11149
026	2019	21753	\N	9	0	\N
026	2019	54318	\N	9	0	\N
026	2019	33293	\N	10	0	55830
026	2019	24083	\N	10	0	\N
026	2019	34587	\N	10	0	\N
026	2019	37459	\N	10	0	\N
026	2019	35110	\N	11	0	\N
026	2019	29908	\N	11	0	\N
026	2016	25818	T2	-1	75	\N
026	2016	33204	T2	-1	75	40528
026	2016	21209	T5	0	55	11121
026	2016	29974	T5	0	55	37456
026	2016	25396	7	1	45	13627
026	2016	25686	T8	2	40	18832
026	2016	24024	T8	2	40	12184
026	2016	28089	T8	2	40	27615
026	2016	25834	T8	2	40	\N
026	2016	34409	12	3	20	\N
026	2016	36689	T13	4	16	53772
026	2016	27214	T13	4	16	21719
026	2016	29518	T15	5	9	24940
026	2016	47959	T15	5	9	59146
026	2019	57003	\N	11	0	\N
026	2019	24321	\N	12	0	\N
026	2019	32200	\N	13	0	\N
026	2019	33803	\N	13	0	35390
026	2019	40058	\N	13	0	\N
026	2019	57363	\N	13	0	\N
026	2019	40226	\N	14	0	\N
026	2019	29204	\N	16	0	\N
026	2019	51936	\N	16	0	\N
026	2019	55888	\N	20	0	\N
014	2017	40098	32	4	0	55868
014	2017	33948	T33	5	0	40988
014	2017	25198	T33	5	0	12874
014	2017	25686	T33	5	0	18832
014	2017	33399	T36	6	0	39737
014	2017	51586	T36	6	0	\N
014	2017	31560	T36	6	0	\N
014	2017	24924	T36	6	0	22176
014	2017	22986	T36	6	0	\N
014	2017	26329	T41	7	0	21550
014	2017	27896	T41	7	0	25122
014	2017	26851	T43	8	0	24147
026	2017	46340	\N	3	0	\N
026	2017	23320	\N	3	0	22821
026	2017	22983	\N	3	0	\N
026	2017	33293	\N	3	0	55830
026	2017	25198	\N	3	0	12874
026	2016	33410	T15	5	9	\N
026	2016	26851	T18	6	3	24147
026	2016	25572	T18	6	3	18463
026	2016	26525	T18	6	3	\N
026	2016	24502	T18	6	3	12290
026	2017	34305	\N	3	0	\N
026	2017	32640	\N	4	0	\N
026	2017	25804	\N	4	0	20442
026	2017	35376	\N	4	0	\N
026	2017	21498	\N	4	0	\N
026	2017	25572	\N	5	0	18463
026	2017	20848	\N	5	0	\N
026	2017	33122	\N	5	0	40389
026	2017	45486	\N	5	0	\N
026	2017	40104	\N	5	0	\N
026	2017	51977	\N	5	0	\N
026	2017	26341	\N	6	0	\N
026	2017	34587	\N	6	0	\N
026	2016	27974	T18	6	3	\N
026	2016	46970	T23	7	0	58207
026	2016	33948	T23	7	0	40988
026	2017	49826	\N	6	0	\N
026	2017	47959	\N	6	0	59146
026	2016	22000	T23	7	0	\N
026	2016	35314	T23	7	0	43240
026	2016	26329	T23	7	0	21550
026	2016	33122	T23	7	0	40389
026	2016	23821	T23	7	0	\N
026	2016	26331	T23	7	0	21541
026	2016	31416	T23	7	0	\N
026	2016	26596	T32	8	0	22381
026	2016	33448	T32	8	0	40949
026	2016	26499	T32	8	0	22156
026	2016	29420	T32	8	0	30944
026	2016	20396	T32	8	0	11117
026	2016	27408	T37	9	0	23957
026	2016	20848	T37	9	0	\N
026	2017	25818	\N	6	0	\N
026	2017	25632	\N	6	0	18572
026	2017	27556	\N	6	0	\N
026	2017	25562	\N	6	0	\N
026	2017	29535	\N	6	0	\N
026	2016	32139	T37	9	0	39183
026	2016	12716	T37	9	0	12218
026	2017	34709	T16	-5	6	53797
026	2017	29454	T16	-5	6	28231
026	2017	34409	T21	-4	0	\N
026	2017	21209	T21	-4	0	11121
026	2017	32366	T23	-3	0	31069
026	2017	10809	T23	-3	0	11149
026	2017	26329	T23	-3	0	21550
026	2017	25364	26	-2	0	13186
026	2017	46046	T27	-1	0	56855
026	2017	24024	T27	-1	0	12184
026	2017	29461	T27	-1	0	30565
026	2017	26851	T27	-1	0	24147
026	2017	34098	T27	-1	0	30560
026	2017	25396	T32	0	0	13627
026	2017	27936	T32	0	0	25881
026	2017	52372	T32	0	0	61950
026	2017	34046	T35	1	0	40755
026	2017	46048	T35	1	0	\N
026	2017	27408	T35	1	0	23957
026	2017	35225	T35	1	0	44942
026	2017	29221	T35	1	0	25524
033	2017	35891	\N	15	0	44740
033	2017	07707	\N	17	0	\N
033	2017	52633	\N	17	0	\N
033	2017	52664	\N	17	0	\N
033	2017	46488	\N	17	0	\N
033	2017	35225	\N	17	0	44942
033	2017	24964	\N	19	0	\N
033	2017	25863	\N	21	0	\N
033	2017	12826	\N	23	0	\N
033	2017	24610	\N	23	0	\N
033	2017	40189	\N	25	0	\N
033	2017	34242	\N	\N	0	\N
033	2017	37455	\N	\N	0	43344
026	2016	27942	T37	9	0	\N
026	2016	30944	T37	9	0	24943
026	2016	34046	T37	9	0	40755
026	2016	34099	T37	9	0	34793
026	2016	40026	T37	9	0	55749
026	2016	33199	T46	10	0	\N
026	2016	23108	T46	10	0	12713
026	2016	36699	T46	10	0	\N
026	2016	32448	T49	11	0	\N
026	2016	29478	T49	11	0	25558
026	2016	21498	T51	12	0	\N
026	2016	24924	T51	12	0	22176
026	2016	25804	T51	12	0	20442
026	2016	40098	T54	13	0	55868
026	2016	34242	T54	13	0	\N
026	2016	31646	T54	13	0	40792
026	2016	29926	T57	14	0	34771
026	2016	25321	T57	14	0	\N
026	2016	35421	T59	15	0	\N
026	2016	35891	T59	15	0	44740
026	2016	25349	T61	16	0	\N
026	2016	33465	T61	16	0	\N
026	2016	32421	63	17	0	\N
026	2016	50490	64	18	0	\N
026	2016	27466	T65	19	0	\N
026	2016	47287	T65	19	0	\N
026	2016	25444	67	24	0	\N
026	2016	29725	\N	7	0	35455
026	2016	32493	\N	7	0	\N
026	2016	32333	\N	7	0	\N
026	2016	22046	\N	7	0	11865
026	2016	01810	\N	7	0	11134
026	2016	28258	\N	7	0	\N
026	2016	46046	\N	7	0	56855
026	2016	46405	\N	8	0	\N
100	2019	33204	1	-15	100	40528
100	2019	30911	2	-9	75	39840
100	2019	29725	3	-7	65	35455
100	2019	20396	T4	-6	60	11117
100	2019	36689	T4	-6	60	53772
100	2019	52215	T6	-5	50	\N
100	2019	34363	T6	-5	50	42069
100	2019	32139	T6	-5	50	39183
100	2019	32102	T6	-5	50	25066
100	2019	34360	10	-4	30	39746
100	2019	25198	T11	-3	25	12874
100	2019	35104	T11	-3	25	\N
100	2019	33448	T11	-3	25	40949
100	2019	27349	T11	-3	25	23905
100	2019	46970	T11	-3	25	58207
100	2019	29936	T16	-2	6	\N
100	2019	33803	T16	-2	6	35390
033	2017	22294	\N	\N	0	\N
026	2016	25369	\N	8	0	13524
026	2016	22405	\N	8	0	11890
026	2016	50493	\N	8	0	\N
026	2016	47993	\N	8	0	\N
026	2016	28620	\N	8	0	\N
026	2016	32622	\N	8	0	\N
026	2016	34431	\N	8	0	25069
026	2016	29454	\N	8	0	28231
026	2016	34360	\N	8	0	39746
100	2019	23621	T16	-2	6	11454
100	2019	32797	T16	-2	6	\N
100	2019	26329	T20	-1	1	21550
100	2019	20229	T20	-1	1	11390
100	2019	53165	T20	-1	1	\N
100	2019	25900	T20	-1	1	20583
100	2019	40006	T20	-1	1	\N
100	2019	40098	T20	-1	1	55868
100	2019	35891	T20	-1	1	44740
100	2019	21528	T20	-1	1	12055
100	2019	34046	T20	-1	1	40755
100	2019	22405	T20	-1	1	11890
100	2019	29478	T30	0	0	25558
100	2019	29221	T30	0	0	25524
100	2019	30978	T32	1	0	39176
100	2019	30944	T32	1	0	24943
100	2019	29454	T32	1	0	28231
100	2019	55940	T32	1	0	\N
100	2019	28300	T32	1	0	\N
100	2019	06522	T32	1	0	11139
100	2019	33948	T32	1	0	40988
026	2016	25364	\N	8	0	13186
026	2016	23983	\N	8	0	16506
026	2016	28237	\N	8	0	29449
026	2016	30926	\N	8	0	\N
026	2016	22986	\N	9	0	\N
026	2016	31202	\N	9	0	26422
026	2016	33141	\N	9	0	34657
026	2016	25900	\N	9	0	20583
026	2016	47504	\N	9	0	\N
026	2016	47791	\N	9	0	\N
026	2016	22078	\N	9	0	\N
026	2016	47989	\N	9	0	\N
100	2019	34256	T32	1	0	\N
100	2019	29970	T32	1	0	37455
100	2019	46035	T41	2	0	\N
100	2019	30110	T41	2	0	25026
100	2019	30812	T41	2	0	\N
026	2017	27141	12	-7	20	23348
026	2017	29518	T13	-6	16	24940
026	2017	34360	T13	-6	16	39746
033	2017	26329	T2	-6	75	21550
033	2017	32102	T5	-5	55	25066
033	2017	32839	T5	-5	55	42724
033	2017	27436	T7	-4	45	\N
033	2017	29478	T7	-4	45	25558
033	2017	46464	T9	-1	35	\N
033	2017	23108	T9	-1	35	12713
033	2017	28089	T9	-1	35	27615
033	2017	27963	T9	-1	35	\N
033	2017	30925	T13	0	16	35289
033	2017	26851	T13	0	16	24147
033	2017	36689	T13	0	16	53772
033	2017	26596	T13	0	16	22381
033	2017	27644	T13	0	16	24377
033	2017	32448	T13	0	16	\N
100	2017	29970	\N	8	0	37455
100	2017	19825	\N	8	0	11337
100	2017	34310	\N	8	0	\N
100	2017	52568	\N	9	0	\N
100	2017	31202	\N	9	0	26422
100	2017	24924	\N	9	0	22176
100	2017	35891	\N	9	0	44740
100	2017	19904	\N	9	0	\N
100	2017	37452	\N	9	0	\N
100	2017	26730	\N	9	0	\N
100	2017	31646	\N	9	0	40792
100	2017	21961	\N	9	0	12295
100	2017	24361	\N	9	0	11950
100	2017	29930	\N	10	0	\N
100	2017	26908	\N	10	0	\N
100	2017	01810	\N	10	0	11134
100	2017	20229	\N	10	0	11390
100	2017	39958	\N	10	0	\N
100	2017	22080	\N	10	0	\N
100	2017	30909	\N	10	0	\N
100	2017	33204	\N	10	0	40528
026	2016	02206	\N	9	0	\N
026	2016	27141	\N	9	0	23348
026	2016	32366	\N	9	0	31069
026	2016	35731	\N	10	0	\N
026	2016	06522	\N	10	0	11139
026	2016	20157	\N	10	0	\N
026	2016	49964	\N	10	0	61645
026	2016	47988	\N	10	0	\N
014	2017	50735	\N	13	0	\N
014	2017	34363	\N	14	0	42069
014	2017	35506	\N	15	0	\N
014	2017	01717	\N	16	0	\N
014	2017	47061	\N	17	0	\N
026	2017	36689	1	-16	100	53772
026	2017	32839	T2	-12	75	42724
026	2017	27644	T2	-12	75	24377
026	2017	30911	4	-11	60	39840
026	2017	48081	T5	-10	55	59503
026	2017	24924	T5	-10	55	22176
026	2017	32102	T5	-10	55	25066
026	2017	12716	8	-9	40	12218
026	2017	46601	T9	-8	35	57335
026	2017	27649	T9	-8	35	24368
026	2017	33448	T9	-8	35	40949
026	2017	37455	T13	-6	16	43344
026	2017	23108	T16	-5	6	12713
026	2017	06527	T16	-5	6	11472
026	2017	26476	T16	-5	6	20571
033	2017	33448	1	-8	100	40949
026	2016	50489	\N	10	0	\N
026	2016	33445	\N	10	0	\N
026	2016	31420	\N	11	0	\N
026	2016	27649	\N	11	0	24368
026	2016	29221	\N	11	0	25524
026	2016	33592	\N	11	0	\N
026	2016	49954	\N	11	0	\N
026	2016	28178	\N	11	0	\N
026	2016	29720	\N	11	0	\N
026	2016	23788	\N	11	0	\N
026	2016	26908	\N	11	0	\N
026	2016	25632	\N	11	0	18572
026	2016	32102	\N	11	0	25066
026	2016	46908	\N	11	0	\N
026	2016	33606	\N	12	0	\N
026	2016	23353	\N	12	0	\N
026	2016	27349	\N	12	0	23905
026	2016	33667	\N	12	0	\N
100	2019	29136	T41	2	0	\N
100	2019	49964	T41	2	0	61645
100	2019	35450	T41	2	0	40805
100	2019	28938	T41	2	0	33413
100	2019	33122	T41	2	0	40389
100	2019	48081	T41	2	0	59503
100	2019	23108	T41	2	0	12713
014	2017	31323	\N	11	0	30986
014	2017	01887	\N	12	0	\N
014	2017	21498	\N	12	0	\N
014	2017	39958	\N	12	0	\N
014	2017	37455	\N	12	0	43344
014	2017	32200	\N	13	0	\N
033	2017	25198	T2	-6	75	12874
033	2017	34360	T2	-6	75	39746
100	2017	34363	\N	11	0	42069
100	2017	27064	\N	11	0	23244
100	2017	35120	\N	11	0	\N
100	2017	01887	\N	11	0	\N
100	2017	09011	\N	11	0	11133
100	2017	49038	\N	11	0	\N
100	2017	01249	\N	12	0	11394
100	2017	46035	\N	12	0	\N
100	2017	21498	\N	12	0	\N
100	2017	23821	\N	12	0	\N
100	2017	46442	\N	12	0	\N
100	2017	20721	\N	12	0	\N
100	2017	29420	\N	12	0	30944
100	2017	48084	\N	12	0	\N
100	2017	52569	\N	12	0	\N
100	2017	26329	\N	12	0	21550
100	2017	48153	\N	12	0	\N
026	2016	32839	\N	12	0	42724
026	2016	50488	\N	12	0	\N
026	2016	29222	\N	13	0	\N
026	2016	24457	\N	13	0	\N
026	2016	46440	\N	13	0	\N
026	2016	24461	\N	13	0	\N
026	2016	46045	\N	13	0	\N
026	2016	32199	\N	13	0	\N
026	2016	35261	\N	14	0	\N
026	2016	30978	\N	14	0	39176
026	2016	07013	\N	14	0	\N
026	2016	20686	\N	15	0	\N
026	2016	30957	\N	15	0	\N
026	2016	49575	\N	15	0	\N
100	2019	39113	T51	3	0	\N
100	2019	29974	T51	3	0	37456
100	2019	25804	T51	3	0	20442
100	2019	48887	T51	3	0	59897
100	2019	12716	T51	3	0	12218
100	2019	30925	T51	3	0	35289
100	2019	50674	T57	4	0	\N
100	2019	33968	T57	4	0	41415
100	2019	27214	T57	4	0	21719
100	2017	33399	\N	13	0	39737
100	2017	48822	\N	13	0	\N
100	2017	01717	\N	13	0	\N
100	2017	47959	\N	13	0	59146
100	2017	29518	\N	13	0	24940
100	2017	47239	\N	14	0	\N
100	2017	29954	\N	16	0	\N
100	2017	50629	\N	16	0	\N
100	2017	01473	\N	18	0	\N
026	2016	31557	\N	15	0	26768
026	2016	10213	\N	15	0	\N
026	2016	32757	\N	15	0	25578
026	2016	23540	\N	15	0	\N
026	2016	50491	\N	15	0	\N
026	2016	20935	\N	16	0	\N
026	2016	33450	\N	16	0	\N
026	2016	35532	\N	16	0	\N
026	2016	25274	\N	17	0	13221
026	2016	45657	\N	17	0	\N
026	2016	01724	\N	18	0	\N
026	2016	33047	\N	18	0	\N
026	2016	49633	\N	19	0	\N
026	2016	35840	\N	20	0	\N
026	2016	49752	\N	21	0	\N
026	2016	50492	\N	22	0	\N
026	2016	23624	\N	23	0	\N
026	2016	47666	\N	26	0	\N
026	2016	21528	\N	\N	0	12055
026	2016	22792	\N	\N	0	13442
100	2019	25364	T57	4	0	13186
100	2019	33399	T57	4	0	39737
100	2019	25572	T57	4	0	18463
100	2019	31113	T63	5	0	\N
100	2019	10809	T63	5	0	11149
100	2019	29370	T63	5	0	\N
100	2019	37250	T63	5	0	\N
100	2019	33293	T67	6	0	55830
100	2019	31395	T67	6	0	\N
100	2019	21209	T67	6	0	11121
100	2019	27141	T67	6	0	23348
100	2019	34709	71	8	0	53797
100	2019	32252	T72	9	0	\N
100	2019	36514	T72	9	0	\N
100	2019	39546	\N	2	0	55330
100	2019	47917	\N	2	0	\N
100	2019	45526	\N	2	0	56621
100	2019	27649	\N	2	0	24368
100	2019	27644	\N	2	0	24377
100	2019	28089	\N	2	0	27615
100	2019	33141	\N	2	0	34657
100	2019	52324	\N	2	0	\N
100	2019	34579	\N	2	0	\N
100	2019	34242	\N	2	0	\N
100	2019	50584	\N	2	0	\N
100	2019	28237	\N	2	0	29449
100	2019	28775	\N	2	0	\N
100	2019	22000	\N	3	0	\N
100	2019	48117	\N	3	0	\N
100	2019	46460	\N	3	0	\N
100	2019	26476	\N	3	0	20571
100	2019	34575	\N	3	0	\N
100	2019	19825	\N	3	0	11337
100	2019	45522	\N	3	0	\N
100	2019	20766	\N	3	0	11342
100	2019	31323	\N	3	0	30986
100	2019	32839	\N	3	0	42724
100	2019	37455	\N	3	0	43344
100	2019	36326	\N	4	0	\N
100	2019	32757	\N	4	0	25578
100	2019	29833	\N	4	0	\N
100	2019	39852	\N	4	0	\N
100	2019	27974	\N	4	0	\N
100	2019	35296	\N	4	0	43166
100	2019	24024	\N	4	0	12184
100	2019	32622	\N	4	0	\N
100	2019	34708	\N	4	0	\N
100	2019	45486	\N	5	0	\N
100	2019	39185	\N	5	0	\N
033	2016	25632	1	-14	100	18572
033	2016	28089	2	-13	75	27615
033	2016	25834	3	-10	65	\N
033	2016	29974	T4	-9	60	37456
033	2016	32839	T4	-9	60	42724
033	2016	36689	T4	-9	60	53772
033	2016	21528	T7	-8	45	12055
033	2016	27408	T7	-8	45	23957
033	2016	34431	T7	-8	45	25069
033	2016	34363	T10	-7	30	42069
033	2016	25364	T10	-7	30	13186
033	2016	31202	T10	-7	30	26422
033	2016	20766	T13	-6	16	11342
033	2016	29221	T13	-6	16	25524
033	2016	34046	T13	-6	16	40755
033	2016	34360	T13	-6	16	39746
033	2016	31646	T13	-6	16	40792
033	2016	29478	T18	-5	3	25558
033	2016	20645	T18	-5	3	11896
033	2016	24502	T18	-5	3	12290
033	2016	26525	T18	-5	3	\N
033	2016	22405	T22	-4	0	11890
033	2016	25198	T22	-4	0	12874
033	2016	29476	T22	-4	0	\N
033	2016	33122	T22	-4	0	40389
033	2016	27064	T22	-4	0	23244
033	2016	34098	T22	-4	0	30560
033	2016	25396	T22	-4	0	13627
033	2016	34409	T22	-4	0	\N
033	2016	24357	T22	-4	0	12281
033	2016	26329	T22	-4	0	21550
033	2016	29222	T22	-4	0	\N
033	2016	28300	T33	-3	0	\N
033	2016	01810	T33	-3	0	11134
033	2016	23325	T33	-3	0	\N
033	2016	22986	T33	-3	0	\N
033	2016	34262	T33	-3	0	\N
033	2016	21498	T33	-3	0	\N
033	2016	24024	T33	-3	0	12184
033	2016	26908	T33	-3	0	\N
033	2016	32102	T33	-3	0	25066
033	2016	26331	T42	-2	0	21541
033	2016	23320	T42	-2	0	22821
033	2016	33141	T42	-2	0	34657
033	2016	27896	T42	-2	0	25122
033	2016	06527	T42	-2	0	11472
033	2016	23063	T42	-2	0	\N
033	2016	25369	T42	-2	0	13524
033	2016	26499	T49	-1	0	22156
033	2016	30944	T49	-1	0	24943
033	2016	32757	T49	-1	0	25578
033	2016	40098	T49	-1	0	55868
033	2016	22371	T49	-1	0	12723
033	2016	35314	T49	-1	0	43240
033	2016	27349	T49	-1	0	23905
033	2016	24924	T56	0	0	22176
033	2016	27649	T56	0	0	24368
033	2016	36521	T56	0	0	\N
033	2016	29926	T56	0	0	34771
033	2016	25686	T60	1	0	18832
033	2016	25804	T60	1	0	20442
033	2016	26851	T60	1	0	24147
033	2016	28937	T60	1	0	\N
033	2016	34242	T60	1	0	\N
033	2016	34099	T60	1	0	34793
033	2016	32200	T66	2	0	\N
033	2016	06522	T66	2	0	11139
100	2019	29420	\N	5	0	30944
100	2019	47238	\N	5	0	56590
100	2019	19904	\N	5	0	\N
100	2019	35225	\N	5	0	44942
100	2019	26539	\N	5	0	\N
100	2019	49117	\N	5	0	\N
100	2019	48867	\N	5	0	\N
100	2019	47959	\N	5	0	59146
100	2019	34310	\N	5	0	\N
100	2019	34656	\N	5	0	\N
100	2019	34076	\N	6	0	\N
100	2019	08793	\N	6	0	11111
100	2019	33605	\N	6	0	\N
100	2019	37447	\N	6	0	\N
100	2019	26499	\N	6	0	22156
100	2019	27506	\N	6	0	\N
100	2019	39997	\N	6	0	55887
100	2019	25632	\N	6	0	18572
100	2019	32367	\N	7	0	\N
100	2019	26328	\N	7	0	\N
100	2019	34587	\N	7	0	\N
100	2019	52374	\N	7	0	\N
100	2019	23320	\N	7	0	22821
100	2019	30756	\N	7	0	\N
100	2019	24138	\N	7	0	11875
100	2019	27129	\N	7	0	\N
100	2019	52096	\N	8	0	\N
100	2019	26851	\N	8	0	24147
100	2019	01810	\N	8	0	11134
100	2019	29772	\N	8	0	\N
100	2019	26908	\N	9	0	\N
100	2019	35314	\N	9	0	43240
100	2019	24459	\N	9	0	\N
100	2019	29908	\N	9	0	\N
100	2019	56551	\N	9	0	\N
100	2019	39971	\N	9	0	62476
100	2019	24502	\N	9	0	12290
100	2019	31646	\N	10	0	40792
100	2019	55647	\N	10	0	\N
100	2019	32775	\N	10	0	\N
100	2019	36976	\N	10	0	\N
100	2019	01677	\N	12	0	\N
100	2019	47906	\N	12	0	\N
100	2019	24039	\N	12	0	\N
100	2019	19958	\N	13	0	\N
100	2019	35113	\N	13	0	\N
100	2019	57592	\N	14	0	\N
100	2019	09011	\N	27	0	11133
033	2017	21528	T13	0	16	12055
033	2017	25364	T13	0	16	13186
033	2017	29479	T13	0	16	\N
033	2016	30978	T66	2	0	39176
033	2016	33448	T66	2	0	40949
033	2016	30711	T70	3	0	\N
033	2016	32448	T70	3	0	\N
033	2016	26596	T70	3	0	22381
033	2016	21731	T73	4	0	11350
014	2017	29454	T43	8	0	28231
014	2017	29478	T43	8	0	25558
014	2017	37380	T46	9	0	\N
014	2017	25834	T46	9	0	\N
033	2017	24140	T33	3	0	\N
033	2017	35450	T33	3	0	40805
033	2017	22000	T33	3	0	\N
033	2017	31557	T44	4	0	26768
033	2017	33968	T44	4	0	41415
033	2017	29725	T44	4	0	35455
033	2017	27974	T44	4	0	\N
033	2017	12716	T48	5	0	12218
033	2017	33204	T48	5	0	40528
033	2017	26331	T48	5	0	21541
033	2017	24024	T48	5	0	12184
033	2017	29420	T48	5	0	30944
033	2016	24511	T73	4	0	\N
033	2016	10809	T73	4	0	11149
033	2016	23614	T73	4	0	\N
033	2016	40026	T73	4	0	55749
033	2016	24083	T73	4	0	\N
033	2016	26300	T79	5	0	\N
033	2016	29420	T79	5	0	30944
033	2016	32139	T79	5	0	39183
033	2016	31560	T79	5	0	\N
033	2016	22983	T79	5	0	\N
033	2016	33419	84	6	0	30584
033	2016	20396	85	7	0	11117
033	2016	33293	86	10	0	55830
033	2016	25818	\N	3	0	\N
033	2016	24663	\N	3	0	\N
033	2016	23983	\N	3	0	16506
033	2016	30926	\N	3	0	\N
033	2016	22000	\N	3	0	\N
033	2016	28339	\N	3	0	29767
033	2016	28237	\N	3	0	29449
033	2016	28380	\N	3	0	\N
033	2016	46440	\N	3	0	\N
033	2016	37189	\N	4	0	\N
033	2016	33968	\N	4	0	41415
033	2016	29518	\N	4	0	24940
033	2016	33948	\N	4	0	40988
033	2016	37455	\N	4	0	43344
033	2016	27141	\N	4	0	23348
033	2016	06567	\N	4	0	11146
033	2016	27899	\N	4	0	\N
033	2016	25863	\N	4	0	\N
014	2017	35314	T48	10	0	43240
014	2017	32448	T48	10	0	\N
014	2017	27141	50	11	0	23348
014	2017	31646	51	12	0	40792
014	2017	01823	52	17	0	\N
014	2017	06522	53	20	0	11139
014	2017	32139	\N	7	0	39183
014	2017	26908	\N	7	0	\N
033	2017	28237	T22	1	0	29449
033	2017	24138	T22	1	0	11875
033	2017	34431	T22	1	0	25069
033	2017	26476	T22	1	0	20571
033	2017	31323	T22	1	0	30986
033	2017	34213	T22	1	0	\N
033	2017	34046	T28	2	0	40755
033	2017	24361	T28	2	0	11950
033	2017	24459	T28	2	0	\N
033	2017	33948	T28	2	0	40988
033	2017	27141	T28	2	0	23348
033	2017	29221	T33	3	0	25524
033	2017	34021	T33	3	0	40971
033	2017	33141	T33	3	0	34657
033	2017	25900	T33	3	0	20583
033	2017	30944	T33	3	0	24943
033	2017	29461	T33	3	0	30565
033	2017	47959	T33	3	0	59146
033	2017	32366	T33	3	0	31069
033	2016	40058	\N	4	0	\N
033	2016	32366	\N	5	0	31069
033	2016	31323	\N	5	0	30986
033	2016	33204	\N	5	0	40528
033	2016	21209	\N	5	0	11121
033	2016	47567	\N	5	0	\N
033	2016	23800	\N	5	0	\N
033	2016	27214	\N	5	0	21719
033	2016	24507	\N	5	0	\N
033	2016	36983	\N	5	0	\N
033	2016	19825	\N	5	0	11337
033	2016	12716	\N	5	0	12218
033	2016	47986	\N	6	0	\N
033	2016	31420	\N	6	0	\N
033	2016	23108	\N	6	0	12713
033	2016	29454	\N	6	0	28231
033	2016	34466	\N	6	0	\N
033	2016	22313	\N	6	0	\N
033	2016	35582	\N	6	0	\N
033	2016	27895	\N	6	0	25123
033	2016	25431	\N	7	0	\N
033	2016	02206	\N	7	0	\N
033	2016	29725	\N	7	0	35455
033	2016	50737	\N	7	0	\N
033	2016	23366	\N	7	0	\N
033	2016	01249	\N	7	0	11394
033	2016	29461	\N	7	0	30565
033	2016	40189	\N	7	0	\N
033	2016	22764	\N	8	0	\N
033	2016	27652	\N	8	0	\N
033	2016	28679	\N	8	0	\N
033	2016	31557	\N	8	0	26768
033	2016	28258	\N	8	0	\N
033	2016	39958	\N	8	0	\N
033	2016	50717	\N	8	0	\N
033	2016	20593	\N	8	0	\N
033	2016	23452	\N	8	0	13454
033	2016	23218	\N	9	0	\N
033	2016	32640	\N	9	0	\N
033	2016	01797	\N	9	0	\N
033	2016	30925	\N	9	0	35289
033	2016	25572	\N	9	0	18463
033	2016	35225	\N	10	0	44942
033	2016	12067	\N	10	0	\N
033	2016	50718	\N	10	0	\N
033	2016	08385	\N	10	0	\N
033	2016	06515	\N	11	0	\N
033	2016	20504	\N	11	0	\N
033	2016	50012	\N	12	0	\N
033	2016	29256	\N	14	0	\N
033	2016	02065	\N	14	0	\N
033	2016	06016	\N	17	0	\N
100	2016	21528	1	-20	100	12055
100	2016	01810	2	-17	75	11134
100	2016	27141	3	-6	65	23348
100	2016	06527	4	-5	60	11472
100	2016	28237	T5	-4	55	29449
100	2016	34363	T5	-4	55	42069
100	2016	21209	T5	-4	55	11121
100	2016	34242	8	-3	40	\N
100	2016	30925	T9	-2	35	35289
100	2016	22986	T9	-2	35	\N
100	2016	24924	T9	-2	35	22176
100	2016	35174	T12	-1	20	\N
100	2016	35314	T12	-1	20	43240
100	2016	31646	T12	-1	20	40792
100	2016	31323	T12	-1	20	30986
100	2016	24024	T12	-1	20	12184
100	2016	34360	T12	-1	20	39746
033	2018	22294	\N	10	0	\N
100	2016	19958	T18	0	3	\N
100	2016	33141	T18	0	3	34657
100	2016	26331	T18	0	3	21541
100	2016	29725	T18	0	3	35455
100	2016	20396	T22	1	0	11117
100	2016	25686	T22	1	0	18832
100	2016	20608	T22	1	0	\N
100	2016	22405	T22	1	0	11890
100	2016	28089	T22	1	0	27615
100	2016	24511	T22	1	0	\N
100	2016	27649	T22	1	0	24368
100	2016	25396	T22	1	0	13627
100	2016	34046	T30	2	0	40755
100	2016	33122	T30	2	0	40389
100	2016	19825	T30	2	0	11337
100	2016	23320	T30	2	0	22821
100	2016	33293	T30	2	0	55830
100	2016	35912	T30	2	0	\N
100	2016	20766	T36	3	0	11342
100	2016	27408	T36	3	0	23957
100	2016	25198	T36	3	0	12874
100	2016	25804	T39	4	0	20442
100	2016	26300	T39	4	0	\N
100	2016	26499	T39	4	0	22156
100	2016	29221	T39	4	0	25524
100	2016	24502	T43	5	0	12290
100	2016	23983	T43	5	0	16506
100	2016	31557	T43	5	0	26768
100	2016	34099	T46	6	0	34793
100	2016	24459	T46	6	0	\N
100	2016	32102	T46	6	0	25066
100	2016	26596	T46	6	0	22381
100	2016	27349	T46	6	0	23905
100	2016	23452	T46	6	0	13454
100	2016	23108	T46	6	0	12713
100	2016	32139	T53	7	0	39183
100	2016	32366	T53	7	0	31069
100	2016	28258	T53	7	0	\N
100	2016	26851	T53	7	0	24147
100	2016	33448	T53	7	0	40949
100	2016	46907	58	8	0	\N
100	2016	25834	T59	9	0	\N
100	2016	46970	T59	9	0	58207
100	2016	10809	T59	9	0	11149
100	2016	33948	T59	9	0	40988
100	2016	01887	T63	10	0	\N
100	2016	19904	T63	10	0	\N
100	2016	25572	T63	10	0	18463
100	2016	37447	T66	11	0	\N
100	2016	37189	T66	11	0	\N
100	2016	06034	T68	12	0	\N
100	2016	32757	T68	12	0	25578
100	2016	32448	T68	12	0	\N
100	2016	31420	T68	12	0	\N
100	2016	23063	T72	13	0	\N
100	2016	26908	T72	13	0	\N
100	2016	29974	T72	13	0	37456
100	2016	25369	T72	13	0	13524
100	2016	29478	76	14	0	25558
100	2016	12716	77	15	0	12218
100	2016	08635	78	17	0	\N
100	2016	24321	T79	18	0	\N
100	2016	50737	T79	18	0	\N
100	2016	20593	81	21	0	\N
100	2016	34431	\N	5	0	25069
100	2016	06522	\N	5	0	11139
100	2016	24083	\N	5	0	\N
100	2016	29531	\N	5	0	\N
100	2016	28937	\N	5	0	\N
100	2016	31202	\N	5	0	26422
100	2016	20572	\N	5	0	\N
100	2016	46048	\N	6	0	\N
100	2016	01161	\N	6	0	\N
100	2016	01473	\N	6	0	\N
100	2016	10860	\N	6	0	11163
100	2016	20771	\N	6	0	\N
026	2017	23821	T60	9	0	\N
026	2017	36799	T60	9	0	\N
026	2017	33399	T60	9	0	39737
100	2016	34409	\N	6	0	\N
100	2016	06567	\N	6	0	11146
100	2016	46440	\N	6	0	\N
014	2017	22000	\N	7	0	\N
100	2016	30926	\N	6	0	\N
100	2016	32775	\N	6	0	\N
100	2016	33199	\N	6	0	\N
100	2016	35973	\N	6	0	\N
100	2016	28300	\N	7	0	\N
100	2016	30911	\N	7	0	39840
100	2016	22540	\N	7	0	\N
100	2016	30711	\N	7	0	\N
100	2016	46035	\N	7	0	\N
100	2016	33232	\N	7	0	\N
100	2016	30978	\N	7	0	39176
100	2016	33204	\N	7	0	40528
100	2016	27896	\N	7	0	25122
100	2016	29518	\N	7	0	24940
100	2016	40181	\N	8	0	\N
100	2016	33780	\N	8	0	\N
100	2016	23821	\N	8	0	\N
100	2016	19846	\N	8	0	12278
100	2016	28679	\N	8	0	\N
100	2016	39958	\N	8	0	\N
100	2016	28339	\N	8	0	29767
100	2016	32839	\N	8	0	42724
100	2016	34098	\N	8	0	30560
100	2016	26539	\N	8	0	\N
100	2016	31111	\N	8	0	\N
100	2016	35582	\N	9	0	\N
100	2016	01249	\N	9	0	11394
100	2016	25364	\N	9	0	13186
100	2016	29454	\N	9	0	28231
100	2016	35225	\N	9	0	44942
100	2016	50735	\N	9	0	\N
100	2016	33968	\N	9	0	41415
100	2016	21498	\N	9	0	\N
100	2016	34133	\N	10	0	\N
014	2017	33204	\N	7	0	40528
014	2017	29222	\N	7	0	\N
014	2017	10809	\N	7	0	11149
014	2017	24024	\N	7	0	12184
014	2017	25396	\N	7	0	13627
014	2017	20572	\N	8	0	\N
014	2017	29221	\N	8	0	25524
014	2017	21528	\N	8	0	12055
014	2017	27349	\N	8	0	23905
014	2017	25804	\N	8	0	20442
014	2017	25818	\N	8	0	\N
014	2017	30911	\N	8	0	39840
014	2017	33122	\N	8	0	40389
014	2017	26499	\N	8	0	22156
014	2017	34264	\N	9	0	35198
014	2017	49826	\N	9	0	\N
014	2017	06373	\N	9	0	\N
014	2017	06567	\N	9	0	11146
014	2017	01666	\N	9	0	11357
014	2017	34360	\N	9	0	39746
014	2017	24140	\N	9	0	\N
014	2017	02300	\N	10	0	\N
014	2017	20848	\N	10	0	\N
014	2017	27064	\N	10	0	23244
014	2017	22378	\N	11	0	12968
014	2017	10423	\N	11	0	11514
026	2017	37454	T50	4	0	\N
026	2017	29974	T50	4	0	37456
026	2017	30944	T53	6	0	24943
026	2017	28420	T53	6	0	\N
026	2017	06522	T55	7	0	11139
026	2017	31202	T55	7	0	26422
026	2017	20396	T55	7	0	11117
026	2017	29478	T58	8	0	25558
026	2017	24461	T58	8	0	\N
026	2017	33141	T60	9	0	34657
100	2016	27878	\N	10	0	\N
100	2016	34708	\N	10	0	\N
100	2016	25632	\N	10	0	18572
100	2016	29420	\N	10	0	30944
100	2016	47239	\N	10	0	\N
100	2016	35578	\N	10	0	\N
100	2016	27899	\N	10	0	\N
100	2016	29289	\N	11	0	\N
100	2016	29989	\N	11	0	\N
100	2016	32816	\N	11	0	\N
100	2016	25841	\N	11	0	\N
100	2016	40098	\N	11	0	55868
100	2016	49037	\N	12	0	\N
100	2016	47721	\N	12	0	\N
100	2016	26329	\N	12	0	21550
100	2016	29256	\N	12	0	\N
100	2016	29926	\N	13	0	34771
100	2016	46567	\N	13	0	\N
100	2016	29461	\N	13	0	30565
100	2016	25274	\N	15	0	13221
100	2016	25818	\N	16	0	\N
100	2016	35583	\N	17	0	\N
100	2016	22621	\N	18	0	12744
100	2016	01717	\N	21	0	\N
100	2016	09011	\N	\N	0	11133
026	2017	28486	T35	1	0	\N
026	2017	40098	T35	1	0	55868
026	2017	26499	T42	2	0	22156
026	2017	34242	T42	2	0	\N
026	2017	34358	T42	2	0	\N
026	2017	47996	T42	2	0	\N
026	2017	20229	T46	3	0	11390
026	2017	33204	T46	3	0	40528
026	2017	34099	T46	3	0	34793
026	2017	32816	T46	3	0	\N
026	2017	31323	T50	4	0	30986
026	2017	49771	\N	6	0	\N
026	2017	27349	\N	6	0	23905
026	2017	50488	\N	6	0	\N
026	2017	31678	\N	7	0	\N
026	2017	36884	\N	7	0	\N
026	2017	28937	\N	7	0	\N
026	2017	48887	\N	7	0	59897
026	2017	25686	\N	7	0	18832
026	2017	39997	\N	8	0	55887
026	2017	34579	\N	8	0	\N
026	2017	27064	\N	8	0	23244
026	2017	32200	\N	8	0	\N
026	2017	31646	\N	8	0	40792
026	2017	33592	\N	8	0	\N
026	2017	51586	\N	8	0	\N
026	2017	51634	\N	8	0	\N
026	2017	40026	\N	9	0	55749
026	2017	36963	\N	9	0	\N
026	2017	46414	\N	9	0	\N
026	2017	02049	\N	9	0	\N
026	2017	27561	\N	10	0	\N
026	2017	28089	\N	10	0	27615
026	2017	35947	\N	10	0	\N
026	2017	47644	\N	10	0	\N
026	2017	31559	\N	10	0	\N
026	2017	31560	\N	12	0	\N
026	2017	47622	\N	13	0	\N
033	2017	06567	66	10	0	11146
033	2017	21498	T67	11	0	\N
033	2017	20396	T67	11	0	11117
033	2017	28258	T67	11	0	\N
033	2017	27349	T67	11	0	23905
033	2017	34098	T71	12	0	30560
033	2017	25834	T71	12	0	\N
033	2017	21961	T73	13	0	12295
033	2017	08385	T73	13	0	\N
033	2017	31420	75	15	0	\N
033	2017	22405	\N	6	0	11890
033	2017	27896	\N	6	0	25122
033	2017	39958	\N	6	0	\N
033	2017	35296	\N	6	0	43166
033	2017	25396	\N	6	0	13627
033	2017	29484	\N	6	0	30578
033	2017	29454	\N	6	0	28231
033	2017	23063	\N	6	0	\N
033	2017	28300	\N	7	0	\N
033	2017	23983	\N	7	0	16506
033	2017	34363	\N	7	0	42069
033	2017	40026	\N	7	0	55749
033	2017	27936	\N	7	0	25881
033	2017	25572	\N	7	0	18463
033	2017	26499	\N	7	0	22156
033	2017	34579	\N	7	0	\N
033	2017	27129	\N	7	0	\N
033	2017	25804	\N	7	0	20442
033	2017	34264	\N	7	0	35198
033	2017	06515	\N	8	0	\N
033	2017	40098	\N	8	0	55868
033	2017	25632	\N	8	0	18572
033	2017	35506	\N	8	0	\N
033	2017	27064	\N	8	0	23244
033	2017	33122	\N	8	0	40389
033	2017	06522	\N	8	0	11139
033	2017	31202	\N	8	0	26422
033	2017	21209	\N	8	0	11121
033	2017	29518	\N	8	0	24940
033	2017	23452	\N	8	0	13454
026	2017	20850	\N	13	0	\N
026	2017	29420	\N	13	0	30944
026	2017	52371	\N	14	0	\N
026	2017	48084	\N	15	0	\N
026	2017	52373	\N	20	0	\N
026	2017	32139	\N	\N	0	39183
033	2017	34409	T63	9	0	\N
026	2017	47663	64	10	0	\N
026	2017	25834	65	12	0	\N
026	2017	46402	66	13	0	\N
026	2017	47610	67	15	0	\N
026	2017	35296	68	22	0	43166
026	2017	22582	\N	2	0	\N
026	2017	26908	\N	2	0	\N
026	2017	24361	\N	2	0	11950
026	2017	29531	\N	2	0	\N
026	2017	29484	\N	2	0	30578
026	2017	22405	\N	2	0	11890
026	2017	52370	\N	2	0	\N
026	2017	39004	\N	2	0	\N
026	2017	27896	\N	2	0	25122
026	2017	25900	\N	2	0	20583
026	2017	22000	\N	3	0	\N
026	2017	24502	\N	3	0	12290
026	2017	29908	\N	3	0	\N
026	2017	21528	\N	3	0	12055
026	2017	26331	\N	3	0	21541
026	2017	33948	\N	3	0	40988
026	2017	46442	\N	3	0	\N
100	2017	25632	T54	4	0	18572
100	2017	47363	T54	4	0	\N
100	2017	22405	T54	4	0	11890
100	2017	23063	T54	4	0	\N
100	2017	30925	T54	4	0	35289
100	2017	06522	61	5	0	11139
100	2017	24140	T62	6	0	\N
100	2017	33968	T62	6	0	41415
100	2017	26331	T62	6	0	21541
100	2017	29772	T62	6	0	\N
100	2017	36521	T62	6	0	\N
100	2017	28258	T62	6	0	\N
100	2017	51038	T62	6	0	\N
100	2017	26328	T62	6	0	\N
100	2017	37094	T70	7	0	\N
100	2017	35314	T70	7	0	43240
100	2017	31323	T70	7	0	30986
100	2017	35225	T70	7	0	44942
100	2017	29454	74	8	0	28231
100	2017	32139	75	9	0	39183
100	2017	35731	76	10	0	\N
100	2017	36326	\N	6	0	\N
033	2017	25686	T58	7	0	18832
033	2017	35879	T58	7	0	\N
033	2017	46970	T58	7	0	58207
033	2017	24502	T61	8	0	12290
033	2017	30911	T61	8	0	39840
033	2017	29970	T63	9	0	37455
033	2017	39954	T63	9	0	\N
033	2017	26908	\N	9	0	\N
033	2017	29974	\N	9	0	37456
033	2017	22986	\N	9	0	\N
033	2017	27895	\N	9	0	25123
033	2017	29670	\N	9	0	\N
033	2017	20766	\N	9	0	11342
033	2017	31646	\N	10	0	40792
033	2017	10809	\N	10	0	11149
033	2017	48084	\N	10	0	\N
033	2017	35314	\N	10	0	43240
033	2017	30110	\N	10	0	25026
033	2017	32139	\N	10	0	39183
033	2017	24511	\N	11	0	\N
033	2017	01810	\N	11	0	11134
033	2017	47986	\N	11	0	\N
033	2017	29939	\N	11	0	\N
033	2017	01249	\N	11	0	11394
033	2017	01706	\N	11	0	\N
033	2017	22752	\N	11	0	\N
033	2017	36983	\N	12	0	\N
033	2017	29926	\N	12	0	34771
033	2017	52634	\N	12	0	\N
033	2017	23614	\N	12	0	\N
033	2017	24663	\N	13	0	\N
033	2017	33399	\N	13	0	39737
033	2017	48081	\N	13	0	59503
033	2017	51316	\N	13	0	\N
033	2017	10944	\N	14	0	\N
033	2017	30926	\N	14	0	\N
033	2017	52635	\N	14	0	\N
033	2017	40188	\N	14	0	\N
033	2017	33293	\N	14	0	55830
100	2017	29936	\N	6	0	\N
100	2017	29670	\N	6	0	\N
100	2017	32200	\N	6	0	\N
033	2017	20572	\N	14	0	\N
033	2017	36699	\N	14	0	\N
033	2017	24866	\N	15	0	\N
033	2017	23477	\N	15	0	\N
033	2017	36521	\N	15	0	\N
100	2017	34046	1	-12	100	40755
100	2017	23108	2	-9	75	12713
100	2017	35296	3	-6	65	43166
100	2017	28237	T4	-5	60	29449
100	2017	26499	T4	-5	60	22156
100	2017	35174	T6	-4	50	\N
100	2017	26851	T6	-4	50	24147
100	2017	27349	T6	-4	50	23905
100	2017	29974	T6	-4	50	37456
100	2017	36689	T6	-4	50	53772
100	2017	25364	T11	-3	25	13186
100	2017	34587	T11	-3	25	\N
100	2017	21528	T11	-3	25	12055
100	2017	24024	T14	-2	12	12184
100	2017	22000	T14	-2	12	\N
100	2017	25686	T14	-2	12	18832
100	2017	24138	T14	-2	12	11875
100	2017	32839	T14	-2	12	42724
100	2017	47906	T14	-2	12	\N
100	2017	48081	T20	-1	1	59503
100	2017	12716	T20	-1	1	12218
100	2017	24502	T22	0	0	12290
100	2017	29461	T22	0	0	30565
100	2017	45836	T22	0	0	\N
100	2017	32102	T22	0	0	25066
100	2017	29531	T22	0	0	\N
100	2017	22371	T27	1	0	12723
100	2017	40026	T27	1	0	55749
100	2017	20396	T27	1	0	11117
100	2017	25804	T27	1	0	20442
100	2017	24511	T27	1	0	\N
100	2017	24179	T27	1	0	\N
100	2017	30911	T27	1	0	39840
100	2017	34242	T27	1	0	\N
100	2017	29725	T27	1	0	35455
100	2017	28089	T27	1	0	27615
100	2017	34098	T37	2	0	30560
100	2017	29221	T37	2	0	25524
100	2017	34362	T37	2	0	\N
100	2017	22986	T37	2	0	\N
100	2017	27408	T37	2	0	23957
100	2017	06527	T37	2	0	11472
100	2017	21209	T37	2	0	11121
100	2017	27974	T44	3	0	\N
100	2017	46154	T44	3	0	\N
100	2017	28751	T44	3	0	\N
100	2017	46970	T44	3	0	58207
100	2017	29484	T44	3	0	30578
100	2017	33293	T44	3	0	55830
100	2017	25396	T44	3	0	13627
100	2017	28300	T44	3	0	\N
100	2017	40098	T44	3	0	55868
100	2017	27896	T44	3	0	25122
100	2017	29478	T54	4	0	25558
100	2017	27141	T54	4	0	23348
100	2017	27929	\N	6	0	\N
100	2017	34579	\N	6	0	\N
100	2017	31420	\N	6	0	\N
100	2017	20766	\N	6	0	11342
100	2017	37455	\N	6	0	43344
100	2017	22379	\N	6	0	\N
100	2017	45478	\N	6	0	34790
100	2017	26418	\N	7	0	\N
100	2017	31670	\N	7	0	\N
100	2017	27936	\N	7	0	25881
100	2017	25198	\N	7	0	12874
100	2017	31113	\N	7	0	\N
100	2017	08191	\N	7	0	\N
100	2017	33122	\N	7	0	40389
100	2017	29939	\N	7	0	\N
100	2017	33448	\N	7	0	40949
100	2017	34431	\N	7	0	25069
100	2017	27644	\N	8	0	24377
100	2017	32366	\N	8	0	31069
100	2017	34360	\N	8	0	39746
100	2017	30110	\N	8	0	25026
100	2017	32235	\N	8	0	\N
100	2017	46985	\N	8	0	\N
100	2017	30008	\N	8	0	\N
100	2017	35105	\N	8	0	\N
100	2017	26596	\N	8	0	22381
100	2017	33948	\N	8	0	40988
100	2017	01677	\N	8	0	\N
014	2019	08793	1	-13	100	11111
014	2019	30925	T2	-12	75	35289
014	2019	48081	T2	-12	75	59503
014	2019	36689	T2	-12	75	53772
014	2019	28089	T5	-11	55	27615
014	2019	29221	T5	-11	55	25524
014	2019	29725	T5	-11	55	35455
014	2019	25198	T5	-11	55	12874
014	2019	46970	T9	-10	35	58207
014	2019	35450	T9	-10	35	40805
014	2019	32102	T9	-10	35	25066
014	2019	25804	T12	-8	20	20442
014	2019	33448	T12	-8	20	40949
014	2019	28938	T12	-8	20	33413
014	2019	23108	T12	-8	20	12713
014	2019	24138	T12	-8	20	11875
014	2019	49964	17	-7	4	61645
014	2019	32757	T18	-6	3	25578
014	2019	01810	T18	-6	3	11134
014	2019	24502	T18	-6	3	12290
014	2019	37455	T21	-5	0	43344
014	2019	30110	T21	-5	0	25026
014	2019	40098	T21	-5	0	55868
014	2019	29478	T21	-5	0	25558
014	2019	28237	T21	-5	0	29449
014	2019	34046	T21	-5	0	40755
014	2019	33803	T21	-5	0	35390
014	2019	33968	T21	-5	0	41415
014	2019	12716	T29	-4	0	12218
014	2019	47959	T29	-4	0	59146
014	2019	26329	T29	-4	0	21550
014	2019	46717	T32	-3	0	\N
014	2019	32839	T32	-3	0	42724
014	2019	31323	T32	-3	0	30986
014	2019	21961	T32	-3	0	12295
014	2019	32333	T36	-2	0	\N
014	2019	21528	T36	-2	0	12055
014	2019	30911	T36	-2	0	39840
014	2019	25632	T36	-2	0	18572
014	2019	30063	T36	-2	0	\N
014	2019	34360	T36	-2	0	39746
014	2019	26499	T36	-2	0	22156
014	2019	33141	T43	-1	0	34657
014	2019	39546	T43	-1	0	55330
014	2019	35296	T43	-1	0	43166
014	2019	39997	T46	0	0	55887
014	2019	25396	T46	0	0	13627
014	2019	33410	T46	0	0	\N
014	2019	26851	T49	1	0	24147
014	2019	30978	T49	1	0	39176
014	2019	35891	T51	2	0	44740
014	2019	34709	T51	2	0	53797
014	2019	27408	T51	2	0	23957
014	2019	22378	T51	2	0	12968
014	2019	55888	55	3	0	\N
014	2019	34363	T56	4	0	42069
014	2019	29420	T56	4	0	30944
014	2019	47917	T58	5	0	\N
014	2019	29974	T58	5	0	37456
014	2019	24024	T58	5	0	12184
014	2019	32816	61	6	0	\N
014	2019	27141	T62	8	0	23348
014	2019	01666	T62	8	0	11357
014	2019	31646	T62	8	0	40792
014	2019	27349	T62	8	0	23905
014	2019	01717	\N	4	0	\N
014	2019	20229	\N	4	0	11390
014	2019	22405	\N	4	0	11890
014	2019	34449	\N	4	0	\N
014	2019	10423	\N	4	0	11514
014	2019	32139	\N	4	0	39183
014	2019	21209	\N	4	0	11121
014	2019	35449	\N	5	0	\N
014	2019	27649	\N	5	0	24368
014	2019	01226	\N	5	0	11140
014	2019	26331	\N	5	0	21541
014	2019	32775	\N	6	0	\N
014	2019	01823	\N	7	0	\N
014	2019	33204	\N	7	0	40528
014	2019	48887	\N	8	0	59897
014	2019	51563	\N	8	0	\N
014	2019	39975	\N	10	0	\N
014	2019	25364	\N	10	0	13186
014	2019	06567	\N	12	0	11146
014	2019	02300	\N	12	0	\N
014	2019	06373	\N	13	0	\N
014	2019	20848	\N	13	0	\N
033	2019	36689	1	-8	100	53772
033	2019	30925	2	-6	75	35289
033	2019	34046	T3	-2	65	40755
033	2019	35450	T3	-2	65	40805
033	2019	48887	T3	-2	65	59897
033	2019	27129	6	-1	50	\N
033	2019	27974	7	0	45	\N
033	2019	31323	T8	1	40	30986
033	2019	23108	T8	1	40	12713
033	2019	28237	T8	1	40	29449
033	2019	33204	T8	1	40	40528
033	2019	40006	T8	1	40	\N
033	2019	24502	T8	1	40	12290
033	2019	26476	T14	2	12	20571
033	2019	47238	T14	2	12	56590
033	2019	27649	T16	3	6	24368
033	2019	29772	T16	3	6	\N
033	2019	45526	T16	3	6	56621
033	2019	25900	T16	3	6	20583
033	2019	33803	T16	3	6	35390
033	2019	48081	T16	3	6	59503
033	2019	32839	T16	3	6	42724
033	2019	33293	T23	4	0	55830
033	2019	30944	T23	4	0	24943
033	2019	29420	T23	4	0	30944
033	2019	31646	T23	4	0	40792
033	2019	28089	T23	4	0	27615
033	2019	25632	T23	4	0	18572
033	2019	25364	T29	5	0	13186
033	2019	25572	T29	5	0	18463
033	2019	33141	T29	5	0	34657
033	2019	29221	T29	5	0	25524
033	2019	33399	T29	5	0	39737
033	2019	22405	T29	5	0	11890
033	2019	47504	T29	5	0	\N
033	2019	35461	T36	6	0	\N
033	2019	35296	T36	6	0	43166
033	2019	29926	T36	6	0	34771
033	2019	32102	T36	6	0	25066
033	2019	37189	T36	6	0	\N
033	2019	40098	T41	7	0	55868
033	2019	21961	T41	7	0	12295
033	2019	49964	T41	7	0	61645
033	2019	30978	T41	7	0	39176
033	2019	35449	T41	7	0	\N
033	2019	25818	T41	7	0	\N
033	2019	32139	T41	7	0	39183
033	2019	21528	T48	8	0	12055
033	2019	35879	T48	8	0	\N
033	2019	29268	T48	8	0	\N
033	2019	25198	T48	8	0	12874
033	2019	34363	T48	8	0	42069
033	2019	30911	T48	8	0	39840
033	2019	12716	T54	9	0	12218
033	2019	28938	T54	9	0	33413
033	2019	52372	T54	9	0	61950
033	2019	27349	T54	9	0	23905
033	2019	39324	T54	9	0	\N
033	2019	24024	T54	9	0	12184
033	2019	27896	T60	10	0	25122
033	2019	25431	T60	10	0	\N
033	2019	49771	T60	10	0	\N
033	2019	26329	T60	10	0	21550
033	2019	39977	T64	11	0	\N
033	2019	28300	T64	11	0	\N
033	2019	39997	T64	11	0	55887
033	2019	48117	T64	11	0	\N
033	2019	35891	T64	11	0	44740
033	2019	33968	T64	11	0	41415
033	2019	29725	T64	11	0	35455
033	2019	36326	T71	12	0	\N
033	2019	26499	T71	12	0	22156
033	2019	39058	T71	12	0	\N
033	2019	01810	T71	12	0	11134
033	2019	40026	T71	12	0	55749
033	2019	34076	T71	12	0	\N
033	2019	32333	77	13	0	\N
033	2019	34256	T78	14	0	\N
033	2019	24361	T78	14	0	11950
033	2019	23614	T80	15	0	\N
033	2019	24964	T80	15	0	\N
033	2019	26735	82	19	0	\N
033	2019	34575	\N	5	0	\N
033	2019	06527	\N	5	0	11472
033	2019	27408	\N	5	0	23957
033	2019	46970	\N	5	0	58207
033	2019	25396	\N	5	0	13627
033	2019	19803	\N	5	0	\N
033	2019	10809	\N	5	0	11149
033	2019	28483	\N	5	0	\N
033	2019	39975	\N	5	0	\N
033	2019	29970	\N	5	0	37455
033	2019	32757	\N	5	0	25578
033	2019	39546	\N	5	0	55330
033	2019	30110	\N	5	0	25026
033	2019	21209	\N	5	0	11121
033	2019	25804	\N	5	0	20442
033	2019	33122	\N	5	0	40389
033	2019	08793	\N	5	0	11111
033	2019	45478	\N	5	0	34790
033	2019	35617	\N	5	0	\N
033	2019	39971	\N	5	0	62476
033	2019	29974	\N	6	0	37456
033	2019	24138	\N	6	0	11875
033	2019	47959	\N	6	0	59146
033	2019	37455	\N	6	0	43344
033	2019	47128	\N	6	0	\N
033	2019	34360	\N	6	0	39746
033	2019	45486	\N	6	0	\N
033	2019	35104	\N	7	0	\N
033	2019	54334	\N	7	0	\N
033	2019	20396	\N	7	0	11117
033	2019	26328	\N	7	0	\N
033	2019	32640	\N	7	0	\N
033	2019	32775	\N	7	0	\N
033	2019	57121	\N	7	0	\N
033	2019	26851	\N	8	0	24147
033	2019	29370	\N	8	0	\N
033	2019	33948	\N	8	0	40988
033	2019	24459	\N	8	0	\N
033	2019	25686	\N	8	0	18832
033	2019	27141	\N	8	0	23348
033	2019	29936	\N	8	0	\N
033	2019	32150	\N	9	0	\N
033	2019	29908	\N	9	0	\N
033	2019	32816	\N	9	0	\N
033	2019	34563	\N	9	0	\N
033	2019	23656	\N	9	0	\N
033	2019	56848	\N	10	0	\N
033	2019	26596	\N	10	0	22381
033	2019	32367	\N	10	0	\N
033	2019	51933	\N	10	0	\N
033	2019	47986	\N	11	0	\N
033	2019	34709	\N	11	0	53797
033	2019	24663	\N	11	0	\N
033	2019	01249	\N	11	0	11394
033	2019	23320	\N	12	0	22821
033	2019	20766	\N	12	0	11342
033	2019	52633	\N	12	0	\N
033	2019	35225	\N	12	0	44942
033	2019	29478	\N	13	0	25558
033	2019	27064	\N	13	0	23244
033	2019	07363	\N	13	0	\N
033	2019	25863	\N	14	0	\N
033	2019	27644	\N	14	0	24377
033	2019	06515	\N	14	0	\N
033	2019	34310	\N	15	0	\N
033	2019	34387	\N	15	0	\N
033	2019	23725	\N	15	0	\N
033	2019	30826	\N	17	0	\N
033	2019	24610	\N	18	0	\N
033	2019	35409	\N	19	0	\N
033	2019	07775	\N	19	0	\N
033	2019	30683	\N	19	0	\N
033	2019	54459	\N	26	0	\N
033	2019	19846	\N	\N	0	12278
014	2018	34360	1	-15	100	39746
014	2018	32102	2	-14	75	25066
014	2018	34046	3	-13	65	40755
014	2018	46970	4	-11	60	58207
014	2018	35891	T5	-9	55	44740
014	2018	25804	T5	-9	55	20442
014	2018	21528	T5	-9	55	12055
014	2018	28237	T5	-9	55	29449
014	2018	26851	9	-8	35	24147
014	2018	29725	T10	-7	30	35455
014	2018	30925	T10	-7	30	35289
014	2018	12716	T12	-6	20	12218
014	2018	26329	T12	-6	20	21550
014	2018	22405	T12	-6	20	11890
014	2018	25364	T15	-5	9	13186
014	2018	34098	T15	-5	9	30560
014	2018	33448	T17	-4	4	40949
014	2018	30911	T17	-4	4	39840
014	2018	32839	19	-3	2	42724
014	2018	29221	T20	-2	1	25524
014	2018	25198	T20	-2	1	12874
014	2018	25632	T20	-2	1	18572
014	2018	28089	T20	-2	1	27615
014	2018	29974	T24	-1	0	37456
014	2018	33399	T24	-1	0	39737
014	2018	37455	T24	-1	0	43344
014	2018	29454	T24	-1	0	28231
014	2018	26596	T28	0	0	22381
014	2018	32816	T28	0	0	\N
014	2018	29478	T28	0	0	25558
014	2018	23108	T28	0	0	12713
014	2018	08793	T32	1	0	11111
014	2018	40026	T32	1	0	55749
014	2018	24502	T32	1	0	12290
014	2018	35296	T32	1	0	43166
014	2018	01810	T36	2	0	11134
014	2018	24024	T36	2	0	12184
014	2018	47959	T38	3	0	59146
014	2018	26499	T38	3	0	22156
014	2018	01226	T38	3	0	11140
014	2018	01666	T38	3	0	11357
014	2018	27064	T38	3	0	23244
014	2018	40098	T38	3	0	55868
014	2018	27644	T44	4	0	24377
014	2018	24138	T44	4	0	11875
014	2018	34363	T44	4	0	42069
014	2018	30978	T44	4	0	39176
014	2018	27408	48	6	0	23957
014	2018	06567	49	7	0	11146
014	2018	52375	T50	8	0	\N
014	2018	48081	T50	8	0	59503
014	2018	30110	52	9	0	25026
014	2018	26476	53	10	0	20571
014	2018	26331	\N	6	0	21541
014	2018	06373	\N	6	0	\N
014	2018	25686	\N	6	0	18832
014	2018	35450	\N	7	0	40805
014	2018	39113	\N	7	0	\N
014	2018	33293	\N	7	0	55830
014	2018	27556	\N	7	0	\N
014	2018	29518	\N	7	0	24940
014	2018	29970	\N	7	0	37455
014	2018	32139	\N	7	0	39183
014	2018	27896	\N	8	0	25122
014	2018	48084	\N	8	0	\N
014	2018	24361	\N	8	0	11950
014	2018	32757	\N	8	0	25578
014	2018	22378	\N	9	0	12968
014	2018	45486	\N	9	0	\N
014	2018	26908	\N	9	0	\N
014	2018	27349	\N	9	0	23905
014	2018	32366	\N	9	0	31069
014	2018	53165	\N	9	0	\N
014	2018	23821	\N	10	0	\N
014	2018	31323	\N	10	0	30986
014	2018	46435	\N	10	0	\N
014	2018	29420	\N	11	0	30944
014	2018	02300	\N	11	0	\N
014	2018	10423	\N	11	0	11514
014	2018	01823	\N	12	0	\N
014	2018	20848	\N	15	0	\N
014	2018	46837	\N	15	0	\N
014	2018	01887	\N	15	0	\N
014	2018	21209	\N	15	0	11121
014	2018	54318	\N	16	0	\N
014	2018	52569	\N	22	0	\N
026	2018	36689	1	1	100	53772
026	2018	30911	2	2	75	39840
026	2018	30925	3	3	65	35289
026	2018	34360	4	4	60	39746
026	2018	29725	5	5	55	35455
026	2018	48081	T6	6	50	59503
026	2018	34363	T6	6	50	42069
026	2018	21528	T6	6	50	12055
026	2018	40026	T6	6	50	55749
026	2018	29221	T10	7	30	25524
026	2018	22405	T10	7	30	11890
026	2018	33122	T12	8	20	40389
026	2018	40098	T12	8	20	55868
026	2018	24024	T12	8	20	12184
026	2018	30978	15	9	9	39176
026	2018	32839	T16	10	6	42724
026	2018	26329	T16	10	6	21550
026	2018	35296	T16	10	6	43166
026	2018	25364	T16	10	6	13186
026	2018	32102	T20	11	1	25066
026	2018	06527	T20	11	1	11472
026	2018	12716	T20	11	1	12218
026	2018	52330	T20	11	1	\N
026	2018	19846	T20	11	1	12278
026	2018	25686	T25	12	0	18832
026	2018	22371	T25	12	0	12723
026	2018	48153	T25	12	0	\N
026	2018	27349	T25	12	0	23905
026	2018	21961	T25	12	0	12295
026	2018	34098	T25	12	0	30560
026	2018	25198	T25	12	0	12874
026	2018	33448	T25	12	0	40949
026	2018	47959	T25	12	0	59146
026	2018	24138	T25	12	0	11875
026	2018	29974	T25	12	0	37456
026	2018	27644	T36	13	0	24377
026	2018	24924	T36	13	0	22176
026	2018	24361	T36	13	0	11950
026	2018	26499	T36	13	0	22156
026	2018	31323	T36	13	0	30986
026	2018	36699	T41	14	0	\N
026	2018	47504	T41	14	0	\N
026	2018	27064	T41	14	0	23244
026	2018	29936	T41	14	0	\N
026	2018	35450	T45	15	0	40805
026	2018	26851	T45	15	0	24147
026	2018	25818	T45	15	0	\N
026	2018	01810	T48	16	0	11134
026	2018	27896	T48	16	0	25122
026	2018	25349	T48	16	0	\N
026	2018	29484	T48	16	0	30578
026	2018	55413	T48	16	0	\N
026	2018	54318	T48	16	0	\N
026	2018	27649	T48	16	0	24368
026	2018	10809	T48	16	0	11149
026	2018	45609	T56	17	0	\N
026	2018	55412	T56	17	0	\N
026	2018	25632	T56	17	0	18572
026	2018	33974	T56	17	0	\N
026	2018	39537	T56	17	0	\N
026	2018	48126	61	18	0	\N
026	2018	34242	62	19	0	\N
026	2018	29518	63	20	0	24940
026	2018	36685	64	21	0	\N
026	2018	32366	65	22	0	31069
026	2018	46439	66	23	0	\N
026	2018	33948	67	26	0	40988
026	2018	32200	\N	9	0	\N
026	2018	31646	\N	9	0	40792
026	2018	25900	\N	9	0	20583
026	2018	25572	\N	9	0	18463
026	2018	37455	\N	9	0	43344
026	2018	26476	\N	9	0	20571
026	2018	52144	\N	9	0	\N
026	2018	35174	\N	9	0	\N
026	2018	31569	\N	9	0	\N
026	2018	23048	\N	9	0	\N
026	2018	34046	\N	9	0	40755
026	2018	33968	\N	9	0	41415
026	2018	39971	\N	9	0	62476
026	2018	48887	\N	9	0	59897
026	2018	35310	\N	9	0	\N
026	2018	26300	\N	10	0	\N
026	2018	08793	\N	10	0	11111
026	2018	31560	\N	10	0	\N
026	2018	35469	\N	10	0	\N
026	2018	28237	\N	10	0	29449
026	2018	39113	\N	10	0	\N
026	2018	54314	\N	10	0	\N
026	2018	49964	\N	11	0	61645
026	2018	35891	\N	11	0	44740
026	2018	48822	\N	11	0	\N
026	2018	47483	\N	11	0	\N
026	2018	34563	\N	11	0	\N
026	2018	35506	\N	11	0	\N
026	2018	25804	\N	11	0	20442
026	2018	35104	\N	11	0	\N
026	2018	46501	\N	12	0	\N
026	2018	27129	\N	12	0	\N
026	2018	29478	\N	12	0	25558
026	2018	28089	\N	12	0	27615
026	2018	26331	\N	12	0	21541
026	2018	32139	\N	12	0	39183
026	2018	23108	\N	12	0	12713
026	2018	54596	\N	12	0	\N
026	2018	29531	\N	13	0	\N
026	2018	24502	\N	13	0	12290
026	2018	46601	\N	13	0	57335
026	2018	20594	\N	13	0	\N
026	2018	52375	\N	13	0	\N
026	2018	34130	\N	13	0	\N
026	2018	31113	\N	14	0	\N
026	2018	27556	\N	14	0	\N
026	2018	21209	\N	14	0	11121
026	2018	30110	\N	14	0	25026
026	2018	33204	\N	14	0	40528
026	2018	51691	\N	14	0	\N
026	2018	55416	\N	14	0	\N
026	2018	30692	\N	14	0	38177
026	2018	37189	\N	14	0	\N
026	2018	28486	\N	14	0	\N
026	2018	24748	\N	15	0	\N
026	2018	33141	\N	15	0	34657
026	2018	46970	\N	15	0	58207
026	2018	51586	\N	15	0	\N
026	2018	46045	\N	15	0	\N
026	2018	54901	\N	16	0	\N
026	2018	46907	\N	16	0	\N
026	2018	47128	\N	16	0	\N
026	2018	55411	\N	16	0	\N
026	2018	45242	\N	17	0	\N
026	2018	06522	\N	17	0	11139
026	2018	39058	\N	17	0	\N
026	2018	49310	\N	17	0	\N
026	2018	34579	\N	17	0	\N
026	2018	01945	\N	18	0	12064
026	2018	27408	\N	18	0	23957
026	2018	33399	\N	18	0	39737
026	2018	47056	\N	18	0	\N
026	2018	55415	\N	18	0	\N
026	2018	29256	\N	18	0	\N
026	2018	55414	\N	18	0	\N
026	2018	55417	\N	18	0	\N
026	2018	48095	\N	18	0	\N
026	2018	29970	\N	18	0	37455
026	2018	32816	\N	18	0	\N
026	2018	49855	\N	18	0	\N
026	2018	32813	\N	19	0	\N
026	2018	55165	\N	19	0	\N
026	2018	52569	\N	19	0	\N
026	2018	55410	\N	19	0	\N
026	2018	51922	\N	19	0	\N
026	2018	45535	\N	20	0	\N
026	2018	50157	\N	21	0	\N
026	2018	22764	\N	23	0	\N
026	2018	50735	\N	27	0	\N
033	2018	36689	1	-16	100	53772
033	2018	08793	2	-14	75	11111
033	2018	24502	3	-13	65	12290
033	2018	20229	T4	-11	60	11390
033	2018	46970	T4	-11	60	58207
033	2018	33293	T6	-10	50	55830
033	2018	25198	T6	-10	50	12874
033	2018	33448	T6	-10	50	40949
033	2018	31323	T6	-10	50	30986
033	2018	26499	T10	-9	30	22156
033	2018	34363	T10	-9	30	42069
033	2018	34046	T12	-8	20	40755
033	2018	26476	T12	-8	20	20571
033	2018	35225	T12	-8	20	44942
033	2018	40026	T12	-8	20	55749
033	2018	29478	T12	-8	20	25558
033	2018	33204	T12	-8	20	40528
033	2018	32102	T12	-8	20	25066
033	2018	24024	T19	-7	2	12184
033	2018	25396	T19	-7	2	13627
033	2018	30944	T19	-7	2	24943
033	2018	22405	T19	-7	2	11890
033	2018	48887	T19	-7	2	59897
033	2018	29221	T19	-7	2	25524
033	2018	45478	T19	-7	2	34790
033	2018	28089	T19	-7	2	27615
033	2018	29936	T27	-6	0	\N
033	2018	29974	T27	-6	0	37456
033	2018	30925	T27	-6	0	35289
033	2018	35450	T27	-6	0	40805
033	2018	29970	T31	-5	0	37455
033	2018	30926	T31	-5	0	\N
033	2018	31646	T31	-5	0	40792
033	2018	24138	T31	-5	0	11875
033	2018	32839	T35	-4	0	42724
033	2018	39324	T35	-4	0	\N
033	2018	33122	T35	-4	0	40389
033	2018	30911	T35	-4	0	39840
033	2018	29420	T35	-4	0	30944
033	2018	24361	T35	-4	0	11950
033	2018	48081	T35	-4	0	59503
033	2018	29725	T42	-3	0	35455
033	2018	39971	T42	-3	0	62476
033	2018	25632	T42	-3	0	18572
033	2018	27649	T42	-3	0	24368
033	2018	33141	T42	-3	0	34657
033	2018	27408	T42	-3	0	23957
033	2018	55752	T42	-3	0	\N
033	2018	26331	T42	-3	0	21541
033	2018	34098	T50	-2	0	30560
033	2018	46435	T50	-2	0	\N
033	2018	29535	T50	-2	0	\N
033	2018	28237	T50	-2	0	29449
033	2018	27324	T50	-2	0	\N
033	2018	33410	T50	-2	0	\N
033	2018	35891	T56	-1	0	44740
033	2018	33968	T56	-1	0	41415
033	2018	33948	T56	-1	0	40988
033	2018	27064	T59	0	0	23244
033	2018	46501	T59	0	0	\N
033	2018	34256	T59	0	0	\N
033	2018	32816	T59	0	0	\N
033	2018	26596	T59	0	0	22381
033	2018	34709	T59	0	0	53797
033	2018	27963	T65	1	0	\N
033	2018	32366	T65	1	0	31069
033	2018	27896	T65	1	0	25122
033	2018	34575	T65	1	0	\N
033	2018	26908	T65	1	0	\N
033	2018	29772	T65	1	0	\N
033	2018	21961	T71	2	0	12295
033	2018	10809	T71	2	0	11149
033	2018	27644	T71	2	0	24377
033	2018	26851	T71	2	0	24147
033	2018	27095	T71	2	0	20552
033	2018	45486	T71	2	0	\N
033	2018	27556	T71	2	0	\N
033	2018	06567	78	3	0	11146
033	2018	19846	79	7	0	12278
033	2018	29479	80	9	0	\N
033	2018	27129	\N	1	0	\N
033	2018	30110	\N	1	0	25026
033	2018	23108	\N	1	0	12713
033	2018	21209	\N	1	0	11121
033	2018	29518	\N	1	0	24940
033	2018	32775	\N	1	0	\N
033	2018	01706	\N	1	0	\N
033	2018	20766	\N	1	0	11342
033	2018	47959	\N	1	0	59146
033	2018	27141	\N	1	0	23348
033	2018	32640	\N	1	0	\N
033	2018	32757	\N	1	0	25578
033	2018	37454	\N	2	0	\N
033	2018	27349	\N	2	0	23905
033	2018	06515	\N	2	0	\N
033	2018	24924	\N	2	0	22176
033	2018	28938	\N	2	0	33413
033	2018	27214	\N	2	0	21719
033	2018	21528	\N	2	0	12055
033	2018	46464	\N	2	0	\N
033	2018	19803	\N	2	0	\N
033	2018	29484	\N	2	0	30578
033	2018	40098	\N	2	0	55868
033	2018	01249	\N	3	0	11394
033	2018	34360	\N	3	0	39746
033	2018	12716	\N	3	0	12218
033	2018	31420	\N	3	0	\N
033	2018	10375	\N	3	0	\N
033	2018	32448	\N	3	0	\N
033	2018	23614	\N	3	0	\N
033	2018	33399	\N	3	0	39737
033	2018	39113	\N	3	0	\N
033	2018	34579	\N	3	0	\N
033	2018	29370	\N	3	0	\N
033	2018	35461	\N	4	0	\N
033	2018	22000	\N	4	0	\N
033	2018	08191	\N	4	0	\N
033	2018	25686	\N	4	0	18832
033	2018	49964	\N	4	0	61645
033	2018	37249	\N	4	0	\N
033	2018	32139	\N	4	0	39183
033	2018	01810	\N	4	0	11134
033	2018	35314	\N	4	0	43240
033	2018	30978	\N	4	0	39176
033	2018	35879	\N	5	0	\N
033	2018	29747	\N	5	0	\N
033	2018	35409	\N	5	0	\N
033	2018	34310	\N	5	0	\N
033	2018	24964	\N	6	0	\N
033	2018	29461	\N	6	0	30565
033	2018	25818	\N	6	0	\N
033	2018	46567	\N	6	0	\N
033	2018	34387	\N	7	0	\N
033	2018	36983	\N	7	0	\N
033	2018	24663	\N	7	0	\N
033	2018	33039	\N	7	0	\N
033	2018	34563	\N	8	0	\N
033	2018	25804	\N	8	0	20442
033	2018	25364	\N	8	0	13186
033	2018	08385	\N	8	0	\N
033	2018	32199	\N	8	0	\N
033	2018	47986	\N	8	0	\N
033	2018	33624	\N	8	0	\N
033	2018	37455	\N	9	0	43344
033	2018	07363	\N	9	0	\N
033	2018	26735	\N	10	0	\N
033	2018	39975	\N	10	0	\N
033	2018	22764	\N	10	0	\N
033	2018	40189	\N	10	0	\N
033	2018	27652	\N	11	0	\N
033	2018	52634	\N	11	0	\N
033	2018	32367	\N	12	0	\N
033	2018	23821	\N	13	0	\N
033	2018	12309	\N	15	0	\N
033	2018	35296	\N	\N	0	43166
100	2018	25198	1	-8	100	12874
100	2018	22405	T2	-6	75	11890
100	2018	28237	T2	-6	75	29449
100	2018	29478	T2	-6	75	25558
100	2018	48081	T2	-6	75	59503
100	2018	34709	T6	-5	50	53797
100	2018	08793	T6	-5	50	11111
100	2018	32366	T6	-5	50	31069
100	2018	29725	T9	-4	35	35455
100	2018	23108	T9	-4	35	12713
100	2018	34046	T9	-4	35	40755
100	2018	35450	T12	-3	20	40805
100	2018	33968	T12	-3	20	41415
100	2018	26596	T12	-3	20	22381
100	2018	30911	T12	-3	20	39840
100	2018	29221	T12	-3	20	25524
100	2018	28089	T17	-2	4	27615
100	2018	24361	T17	-2	4	11950
100	2018	40006	T17	-2	4	\N
100	2018	12716	T17	-2	4	12218
100	2018	24502	T17	-2	4	12290
100	2018	24024	T17	-2	4	12184
100	2018	27349	T17	-2	4	23905
100	2018	20229	T24	-1	0	11390
100	2018	01810	T24	-1	0	11134
100	2018	01666	T24	-1	0	11357
100	2018	32139	T24	-1	0	39183
100	2018	33293	T28	0	0	55830
100	2018	45478	T28	0	0	34790
100	2018	32102	T28	0	0	25066
100	2018	34360	T28	0	0	39746
100	2018	26329	T28	0	0	21550
100	2018	22000	T28	0	0	\N
100	2018	46435	T28	0	0	\N
100	2018	21528	T35	1	0	12055
100	2018	33399	T35	1	0	39737
100	2018	39975	T35	1	0	\N
100	2018	32816	T35	1	0	\N
100	2018	27129	T39	2	0	\N
100	2018	45157	T39	2	0	\N
100	2018	36689	T39	2	0	53772
100	2018	29936	T39	2	0	\N
100	2018	32815	T39	2	0	\N
100	2018	27896	T39	2	0	25122
100	2018	35296	T39	2	0	43166
100	2018	30110	T39	2	0	25026
100	2018	29518	T47	3	0	24940
100	2018	35104	T47	3	0	\N
100	2018	39524	T47	3	0	\N
100	2018	23821	T47	3	0	\N
100	2018	47959	T51	4	0	59146
100	2018	34363	T51	4	0	42069
100	2018	25396	T51	4	0	13627
100	2018	25364	T51	4	0	13186
100	2018	39113	T51	4	0	\N
100	2018	26908	T51	4	0	\N
100	2018	25686	T51	4	0	18832
100	2018	39058	T51	4	0	\N
100	2018	33948	T51	4	0	40988
100	2018	26851	60	5	0	24147
100	2018	23797	T61	6	0	\N
100	2018	31273	T61	6	0	\N
100	2018	46404	T61	6	0	\N
100	2018	35225	T61	6	0	44942
100	2018	20396	T61	6	0	11117
100	2018	26328	T61	6	0	\N
100	2018	37455	T67	7	0	43344
100	2018	46567	T67	7	0	\N
100	2018	31323	T67	7	0	30986
100	2018	30907	T67	7	0	\N
100	2018	35174	T67	7	0	\N
100	2018	27974	T67	7	0	\N
100	2018	37447	T67	7	0	\N
100	2018	26499	74	8	0	22156
100	2018	35461	T75	9	0	\N
100	2018	30978	T75	9	0	39176
100	2018	55647	T75	9	0	\N
100	2018	35891	78	10	0	44740
100	2018	33141	79	11	0	34657
100	2018	40026	\N	4	0	55749
100	2018	29974	\N	4	0	37456
100	2018	33448	\N	4	0	40949
100	2018	26476	\N	4	0	20571
100	2018	01677	\N	4	0	\N
100	2018	48887	\N	4	0	59897
100	2018	21209	\N	4	0	11121
100	2018	33122	\N	4	0	40389
100	2018	32839	\N	4	0	42724
100	2018	29939	\N	4	0	\N
100	2018	27408	\N	4	0	23957
100	2018	28937	\N	4	0	\N
100	2018	29484	\N	4	0	30578
100	2018	26331	\N	5	0	21541
100	2018	35879	\N	5	0	\N
100	2018	40098	\N	5	0	55868
100	2018	32367	\N	5	0	\N
100	2018	46464	\N	5	0	\N
100	2018	35314	\N	5	0	43240
100	2018	27506	\N	5	0	\N
100	2018	33204	\N	5	0	40528
100	2018	27644	\N	5	0	24377
100	2018	34563	\N	5	0	\N
100	2018	46970	\N	5	0	58207
100	2018	34579	\N	6	0	\N
100	2018	30925	\N	6	0	35289
100	2018	25804	\N	6	0	20442
100	2018	29268	\N	6	0	\N
100	2018	52453	\N	6	0	\N
100	2018	21961	\N	7	0	12295
100	2018	34098	\N	7	0	30560
100	2018	37249	\N	7	0	\N
100	2018	45526	\N	7	0	56621
100	2018	01161	\N	7	0	\N
100	2018	06522	\N	7	0	11139
100	2018	31138	\N	7	0	\N
100	2018	32797	\N	7	0	\N
100	2018	45194	\N	7	0	\N
100	2018	25632	\N	8	0	18572
100	2018	29970	\N	8	0	37455
100	2018	30944	\N	8	0	24943
100	2018	20766	\N	8	0	11342
100	2018	47238	\N	8	0	56590
100	2018	35200	\N	8	0	\N
100	2018	31646	\N	8	0	40792
100	2018	21498	\N	8	0	\N
100	2018	31420	\N	8	0	\N
100	2018	27064	\N	8	0	23244
100	2018	34310	\N	8	0	\N
100	2018	51641	\N	8	0	\N
100	2018	24321	\N	8	0	\N
100	2018	32757	\N	9	0	25578
100	2018	29930	\N	9	0	\N
100	2018	32813	\N	9	0	\N
100	2018	01473	\N	9	0	\N
100	2018	19803	\N	9	0	\N
100	2018	26300	\N	9	0	\N
100	2018	01717	\N	9	0	\N
100	2018	20157	\N	9	0	\N
100	2018	37008	\N	10	0	\N
100	2018	27895	\N	11	0	25123
100	2018	23452	\N	11	0	13454
100	2018	37066	\N	11	0	\N
100	2018	55648	\N	11	0	\N
100	2018	27649	\N	12	0	24368
100	2018	24138	\N	12	0	11875
100	2018	23913	\N	12	0	\N
100	2018	30786	\N	12	0	\N
100	2018	46837	\N	12	0	\N
100	2018	34708	\N	13	0	\N
100	2018	50674	\N	13	0	\N
100	2018	30918	\N	14	0	\N
100	2018	33410	\N	15	0	\N
100	2018	51563	\N	16	0	\N
100	2018	33459	\N	16	0	\N
100	2018	19825	\N	23	0	11337
100	2018	09011	\N	\N	0	11133
\.


--
-- Data for Name: event_standings_xref; Type: TABLE DATA; Schema: golfpool; Owner: xcidhpvweehrud
--

COPY golfpool.event_standings_xref (tournament_id, season_year, pickset_id, "position", points) FROM stdin;
014	2018	8	1	299
014	2018	23	2	293
014	2018	14	3	255
014	2018	17	4	254
014	2018	31	5	228
014	2018	30	6	224
014	2018	13	7	216
014	2018	28	7	216
014	2018	24	9	215
014	2018	2	10	213
014	2018	12	11	210
014	2018	3	12	209
014	2018	5	13	203
014	2018	26	14	195
014	2018	20	15	186
014	2018	15	16	185
014	2018	25	17	184
014	2018	4	18	183
014	2018	27	19	169
014	2018	6	20	168
014	2018	18	21	159
014	2018	1	22	155
014	2018	16	23	114
014	2018	9	24	113
014	2018	19	24	113
014	2018	21	26	108
014	2018	11	27	103
014	2018	7	27	103
014	2018	10	29	65
014	2018	29	30	61
014	2018	22	31	50
026	2018	2	1	241
026	2018	12	2	220
026	2018	21	3	216
026	2018	24	4	205
026	2018	8	5	198
026	2018	14	5	198
026	2018	19	7	196
026	2018	27	7	196
026	2018	17	9	190
026	2018	6	9	190
026	2018	1	9	190
026	2018	31	12	185
026	2018	10	13	177
026	2018	9	14	170
026	2018	29	15	166
026	2018	22	16	152
026	2018	5	17	151
026	2018	16	17	151
026	2018	11	19	146
026	2018	7	19	146
026	2018	3	21	140
026	2018	23	22	136
026	2018	4	23	125
026	2018	15	24	120
026	2018	13	25	117
026	2018	30	26	110
026	2018	20	27	101
026	2018	26	28	77
026	2018	25	29	75
026	2018	18	30	56
026	2018	28	31	55
033	2018	21	1	316
033	2018	10	2	250
033	2018	28	3	207
033	2018	9	4	197
033	2018	22	5	177
033	2018	4	6	165
033	2018	30	6	165
033	2018	25	8	147
033	2018	19	8	147
033	2018	15	8	147
033	2018	23	11	145
033	2018	31	12	140
033	2018	14	13	135
033	2018	11	14	127
033	2018	12	15	124
033	2018	17	16	112
033	2018	2	17	110
033	2018	24	18	109
033	2018	13	19	107
033	2018	18	20	102
033	2018	27	20	102
033	2018	7	20	102
033	2018	26	23	99
033	2018	3	24	95
033	2018	5	25	92
033	2018	6	25	92
033	2018	8	27	72
033	2018	29	28	54
033	2018	20	29	46
033	2018	16	30	42
033	2018	1	31	22
100	2018	4	1	330
100	2018	16	2	284
100	2018	14	3	255
100	2018	9	4	244
100	2018	11	5	219
100	2018	27	6	213
100	2018	1	6	213
100	2018	2	8	209
100	2018	25	9	188
100	2018	19	10	184
100	2018	3	11	180
100	2018	5	12	169
100	2018	31	13	165
100	2018	20	14	162
100	2018	30	15	160
100	2018	8	16	154
100	2018	23	17	145
100	2018	28	18	144
100	2018	29	19	142
100	2018	10	20	135
100	2018	17	21	134
100	2018	26	22	133
100	2018	22	23	124
100	2018	15	23	124
100	2018	12	25	114
100	2018	24	25	114
100	2018	18	27	99
100	2018	7	27	99
100	2018	13	29	83
100	2018	21	30	82
100	2018	6	31	59
014	2019	134	1	344
014	2019	105	2	305
014	2019	107	3	295
014	2019	124	4	260
014	2019	141	5	245
014	2019	136	6	233
014	2019	127	7	230
014	2019	115	8	220
014	2019	106	9	210
014	2019	103	10	198
014	2019	100	11	185
014	2019	135	11	185
014	2019	142	13	175
014	2019	126	14	174
014	2019	110	15	173
014	2019	102	16	169
014	2019	99	17	168
014	2019	104	17	168
014	2019	139	19	165
014	2019	123	19	165
014	2019	95	21	153
014	2019	130	21	153
014	2019	121	23	150
014	2019	101	23	150
014	2019	122	23	150
014	2019	119	26	145
014	2019	131	27	133
014	2019	140	27	133
014	2019	88	29	130
014	2019	108	29	130
014	2019	125	29	130
014	2019	132	32	110
014	2019	129	32	110
014	2019	111	32	110
014	2019	128	32	110
014	2019	113	36	98
014	2019	138	37	90
014	2019	117	38	58
014	2019	137	39	35
033	2019	123	1	260
033	2019	134	2	246
033	2019	121	3	245
033	2019	131	4	226
033	2019	124	5	221
033	2019	140	6	220
033	2019	135	7	215
033	2019	136	8	205
033	2019	99	8	205
033	2019	105	10	186
033	2019	106	10	186
033	2019	141	10	186
033	2019	119	10	186
033	2019	107	14	181
033	2019	113	15	180
033	2019	126	16	167
033	2019	132	17	161
033	2019	139	17	161
033	2019	100	17	161
033	2019	128	17	161
033	2019	122	17	161
033	2019	104	22	155
033	2019	95	22	155
033	2019	101	22	155
033	2019	115	25	146
033	2019	127	26	140
033	2019	130	27	132
033	2019	129	28	127
033	2019	108	29	121
033	2019	88	30	115
033	2019	125	30	115
033	2019	110	30	115
033	2019	102	33	106
033	2019	117	34	86
033	2019	142	35	71
033	2019	138	36	46
033	2019	137	37	40
033	2019	103	37	40
033	2019	111	37	40
026	2019	100	1	375
026	2019	124	2	335
026	2019	132	3	310
026	2019	141	4	305
026	2019	127	5	291
026	2019	105	6	275
026	2019	123	7	271
026	2019	128	8	265
026	2019	130	9	251
026	2019	107	10	250
026	2019	129	11	210
026	2019	108	11	210
026	2019	113	13	181
026	2019	121	14	177
026	2019	99	15	175
026	2019	142	15	175
026	2019	135	15	175
026	2019	140	18	167
026	2019	106	19	166
026	2019	119	20	165
026	2019	104	21	151
026	2019	101	21	151
026	2019	131	23	145
026	2019	139	24	135
026	2019	115	25	130
026	2019	136	26	120
026	2019	111	26	120
026	2019	102	28	116
026	2019	134	29	110
026	2019	117	30	106
026	2019	122	30	106
026	2019	138	30	106
026	2019	88	33	100
026	2019	137	33	100
026	2019	95	35	92
026	2019	103	36	71
026	2019	110	36	71
026	2019	126	38	41
026	2019	125	39	35
100	2019	124	1	337
100	2019	141	2	286
100	2019	106	3	265
100	2019	115	4	251
100	2019	99	5	227
100	2019	111	6	225
100	2019	135	7	220
100	2019	102	8	217
100	2019	107	9	211
100	2019	140	10	185
100	2019	121	11	162
100	2019	100	11	162
100	2019	138	13	158
100	2019	139	14	140
100	2019	113	15	137
100	2019	136	16	126
100	2019	137	16	126
100	2019	134	16	126
100	2019	101	16	126
100	2019	105	20	125
100	2019	88	20	125
100	2019	110	22	116
100	2019	129	23	108
100	2019	119	24	107
100	2019	132	25	102
100	2019	108	25	102
100	2019	95	27	101
100	2019	128	27	101
100	2019	127	29	88
100	2019	130	30	76
100	2019	122	31	72
100	2019	104	32	56
100	2019	103	33	51
100	2019	117	33	51
100	2019	125	35	50
100	2019	131	36	33
100	2019	123	37	26
100	2019	126	38	6
100	2019	142	39	3
\.


--
-- Data for Name: level_xref; Type: TABLE DATA; Schema: golfpool; Owner: xcidhpvweehrud
--

COPY golfpool.level_xref (season_year, level, player_id) FROM stdin;
2018	1	40755
2018	1	35289
2018	1	40949
2018	1	58207
2018	1	42724
2018	1	11890
2018	1	25066
2018	1	53772
2018	1	12055
2018	1	29449
2018	2	27615
2018	2	11121
2018	2	24147
2018	2	39746
2018	2	13186
2018	2	12713
2018	2	12290
2018	2	21550
2018	2	12218
2018	2	11111
2018	2	11134
2018	2	20442
2018	3	21541
2018	3	42069
2018	3	25558
2018	3	23957
2018	3	40528
2018	3	11117
2018	3	22381
2018	3	13627
2018	3	24368
2018	3	24377
2018	3	55868
2018	3	37456
2018	3	12184
2018	3	12874
2018	3	39840
2018	3	18572
2018	2	23905
2019	1	35289
2019	1	11890
2019	1	53772
2019	1	29449
2019	1	40949
2019	1	40755
2019	1	11111
2019	1	27615
2019	1	12874
2019	1	25066
2019	1	39746
2019	2	11134
2019	2	59503
2019	2	59146
2019	2	58207
2019	2	35455
2019	2	39840
2019	2	13186
2019	2	20442
2019	2	24147
2019	2	25524
2019	2	12713
2019	2	42724
2019	2	12055
2019	2	11121
2019	2	12290
2019	3	25026
2019	3	40805
2019	3	44740
2019	3	21550
2019	3	11875
2019	3	30986
2019	3	34657
2019	3	23348
2019	3	55868
2019	3	23905
2019	3	22156
2019	3	42069
2019	3	30944
2019	3	43166
2019	3	11149
2019	3	40792
2019	3	61645
2019	3	40389
2019	3	22381
2019	3	37456
2019	3	12184
2019	3	12218
2019	3	21541
2019	3	59897
2019	3	53797
2019	3	39176
2019	3	56621
2019	3	55330
2019	3	25558
2020	1	29449
2020	1	58207
2020	1	53772
2020	1	40949
2020	1	35289
2020	1	12290
2020	1	39746
2020	1	40805
2020	1	25524
2020	1	39840
2020	1	11111
2020	1	11890
2020	2	59503
2020	2	59146
2020	2	24147
2020	2	35455
2020	2	12713
2020	2	30986
2020	2	21550
2020	2	40528
2020	2	42069
2020	2	42724
2020	2	13186
2020	2	55868
2020	2	25066
2020	2	12055
2020	2	11121
2020	2	40755
2020	2	27615
2020	2	20442
2020	3	62476
2020	3	28231
2020	3	12874
2020	3	56621
2020	3	13627
2020	3	11117
2020	3	39183
2020	3	30944
2020	3	44740
2020	3	25558
2020	3	20571
2020	3	22156
2020	3	56590
2020	3	56855
2020	3	24368
2020	3	18463
2020	3	11875
2020	3	11134
2020	3	34657
2020	3	37456
2020	3	39737
\.


--
-- Data for Name: participant; Type: TABLE DATA; Schema: golfpool; Owner: xcidhpvweehrud
--

COPY golfpool.participant (id, name, email, pin) FROM stdin;
28	Mike Nelson	mwnelson@live.com	\N
32	Mike Mathy	Mathymj@yahoo.com	\N
41	Grant Erving	lospatos21@gmail.com	\N
43	Ken Locati	sdcougars@gmail.com	\N
24	Rick Skeie	rick@skeies.com	\N
46	Grant Privette	gprivett15@gmail.com	\N
54	Kevin Cardoza	k.cardoza@hotmail.com	\N
53	John Martin	jrmcam99@gmail.com	\N
51	Bob Laing	rlaing@industrialsource.com	\N
55	Randy Gray	graycup@yahoo.com	\N
56	Matthew Schroettnig	schroettnig@gmail.com	\N
57	Chris Casey	bothellcasey@gmail.com	\N
58	Randy Enders	randyenders60@gmail.com	\N
59	Jim Hess	\N	\N
60	Bill Lyon	\N	\N
61	John Powell	\N	\N
62	Rick Beckett	\N	\N
63	Ryan Hardenbrook	\N	\N
64	Todd Hass	\N	\N
65	Ken Altena	\N	\N
66	John Hutchinson	\N	\N
67	Larry Murray	\N	\N
68	Jace Dawson	\N	\N
69	John Bork	\N	\N
70	Torey Schmidt	\N	\N
71	John Erving	\N	\N
72	Lorine Taylor	\N	\N
74	Mark Braden	\N	\N
75	Lyle Taylor	\N	\N
76	Scott Pope	\N	\N
77	Valerie Vernon	\N	\N
73	Tom & Ann Gage	tomanngage@hotmail.com	\N
78	Barbara Rose	\N	\N
79	Jeannine Erving	\N	\N
80	Wendy Laing	\N	\N
81	Larry Jenkins	\N	\N
82	Cathy Taylor	\N	\N
83	Boyt Foster	rbfoster3@comcast.net	\N
84	Patrick Manley	\N	\N
85	Mike Wallblom	\N	\N
86	Don Schmidt	\N	\N
87	Tom Nelson	\N	\N
88	Dan Branley	\N	\N
89	Jim Carey	\N	\N
90	Manley/Schmidt	\N	\N
29	Mike Manley	mikem4sooth@gmail.com	7426
15	Clint Capper	cmcapper@comcast.net	3403
40	Shane Kim	shanek62@hotmail.com 	\N
25	Ian Olson 	iolson@mymail.mines.edu	\N
38	Adam Frichette	adamfrichette@gmail.com	\N
172	Sam Olsson	olssonsam12@gmail.com	1242
27	Denny Schmidt	dws01@comcast.net	1232
16	Steve Christofferson	spobe@comcast.net	0652
125	Matt Becker	manitobecker@q.com	1221
42	Greg Swanson	greg.swanson23@gmail.com	6533
154	Richard Skeie	rick@skeies.com	8200
26	Blake Frichette	blake.frichette.11@gmail.com	6034
130	 Mike Nelson	mwnelson@live.com	9184
44	Ross Davies	ross.davies@comcast.net	3483
132	Ian Olson	iolson503@gmail.com	3969
133	John Richard Martin	jrmcam99@gmail.com	2468
52	Carolyn Martin	jrmcam99@gmail.com	3579
45	Bob Erickson	berickson@lamar.com	1986
137	Mike Mathy	mathymj@yahoo.com	7272
155	Sam Braziel	sambraziel1@gmail.com	1995
22	Caroline Capper	carolinecapper03@gmail.com	1234
21	Megan Capper	mtcapper@comcast.net	2222
33	Sara Mathy	wsualum@comcast.net	7272
23	Ryan Miller	rmiller3755@yahoo.com	2457
143	Tom Nelson 	rvcc4nelson@charter.net	4444
145	John Hutchinson	jkhutchinson@comcast.net	6842
142	Phyllis Nelson	rvcc4nelson@charter.net	3333
34	Ron Taylor	rft605@comcast.net	3163
158	Shane Kim 	Shanek62@hotmail.com	6362
39	Jay Kane	jkane@bsnsports.com	5263
37	Robert Foster	rbfoster3@comcast.net	3875
30	Anne Skeie	skeieanne10@gmail.com	0577
36	Paul Laing	plaing660@gmail.com	3956
161	Evan Osborn	evanosborn@gmail.com	0904
31	Vic Backlund	kaylobee@aol.com	1234
20	Tom Gage	tomanngage@hotmail.com	0284
19	Ann Gage	tomanngage@hotmail.com	4260
167	Jay Silverman	silverman.jay@gmail.com	7145
18	Annie Capper	akcapper12@gmail.com	6320
170	Grant Erving	granterving1@gmail.com	1234
17	John Capper	j.capper2@gmail.com	1234
\.


--
-- Data for Name: picks_xref; Type: TABLE DATA; Schema: golfpool; Owner: xcidhpvweehrud
--

COPY golfpool.picks_xref (pickset_id, player_id) FROM stdin;
5	21550
5	12713
5	20442
5	29449
5	40949
5	40755
6	30560
6	55749
6	39840
6	24377
6	11134
6	27615
6	20442
6	40949
6	40755
6	35289
7	30986
7	11875
7	39840
7	24377
7	11121
7	13186
7	27615
7	29449
7	40949
7	35289
8	30560
8	24940
8	25558
8	42069
8	12218
8	39746
8	21550
8	25066
8	11890
8	12055
9	55830
9	40805
9	39840
9	25558
9	11111
9	20442
9	23905
9	40949
9	11890
9	35289
11	40805
11	31069
11	39840
11	37456
127	23348
127	21550
127	13627
127	18572
122	55887
128	35289
128	11890
128	29449
128	58207
128	13186
128	39840
128	30986
128	22381
128	43344
128	24368
110	35289
110	40949
110	11890
110	35455
110	12713
110	11134
110	23905
110	12218
110	13627
110	43344
129	35289
129	11890
129	29449
129	59146
129	58207
129	39840
11	11111
11	13186
11	27615
11	29449
11	40949
11	35289
12	59503
12	43344
12	12184
12	13627
12	11121
12	24147
12	20442
12	40755
12	12055
12	53772
13	55749
13	11472
13	21541
13	24368
13	27615
13	20442
13	12290
13	29449
13	25066
13	35289
14	59503
14	25026
14	39840
14	25558
14	11111
14	13186
14	39746
14	25066
14	42724
14	40755
15	22823
15	35455
15	23957
15	21541
15	11111
15	27615
15	20442
15	40949
15	40755
15	35289
16	55749
16	22176
16	22381
16	25558
16	13186
16	12713
16	23905
16	29449
16	11890
16	35289
17	24940
17	35455
17	39840
17	24377
17	11134
17	39746
17	27615
17	29449
17	40949
17	58207
18	40805
18	30986
18	23957
18	24377
18	13186
18	24147
18	27615
18	29449
18	40949
18	12055
19	59503
19	11875
19	39840
19	24377
19	11111
19	13186
19	27615
19	40949
19	40755
19	35289
20	55749
20	22176
20	12184
20	11117
20	24147
20	27615
20	23905
20	29449
20	25066
20	11890
21	25524
21	30986
21	12184
21	18572
21	11111
21	12290
21	27615
21	53772
21	25066
21	35289
22	55830
22	31069
22	39840
22	21541
22	11111
22	13186
22	27615
22	40949
22	42724
22	35289
23	12723
23	30584
23	39840
23	21541
23	20442
23	11111
23	39746
23	29449
23	25066
23	40949
24	40792
24	55749
24	11117
24	13627
24	11134
24	39746
24	12290
24	11890
24	40755
24	35289
25	11875
25	11950
25	39840
25	21541
25	20442
25	11111
25	27615
25	29449
25	40949
25	40755
26	39741
26	30944
26	12184
26	24368
26	11111
26	13186
26	27615
26	29449
26	25066
26	12055
27	59503
27	11950
27	39840
27	25558
27	11121
27	13186
27	27615
27	40755
27	58207
27	35289
28	35455
28	25578
28	22381
28	18572
28	11111
28	27615
28	20442
28	40949
28	40755
28	58207
29	35455
29	11950
29	39840
29	37456
29	11121
29	27615
29	23905
29	40949
29	11890
29	42724
31	30986
31	55749
31	39840
31	37456
31	11121
31	39746
31	12713
31	29449
31	40949
31	40755
30	11121
30	11111
30	37456
30	21541
30	55749
30	11875
30	40755
30	40949
30	29449
30	39746
10	53772
10	35289
10	40949
10	21550
10	12713
10	13186
10	12874
10	18572
10	24940
10	55830
99	53772
99	40755
99	29449
99	58207
99	39840
99	35455
99	44740
99	25558
99	43344
99	25578
119	35289
119	29449
119	11890
100	35289
100	11890
100	29449
100	58207
100	39840
100	59503
100	30986
100	21550
100	13627
100	11117
119	58207
119	59146
119	39840
119	40805
119	25558
119	35390
119	43344
113	53772
113	11890
113	29449
113	12713
107	35289
107	25066
107	53772
107	58207
107	39840
107	59503
107	21550
107	22156
107	43344
107	12295
141	53772
141	25066
101	35289
101	40949
101	29449
101	58207
101	12713
101	39840
101	25558
101	21550
101	13627
101	12295
141	11111
141	42724
141	58207
141	13186
141	30986
141	21550
141	40528
111	40949
111	25066
111	29449
111	58207
111	13186
111	39840
111	11875
111	25558
111	12295
111	39183
113	11134
113	39840
113	44740
113	25558
141	39183
113	11140
115	35289
115	11890
115	40949
115	58207
115	39840
115	35455
115	34657
115	40805
115	24368
115	11117
117	11890
117	25066
117	29449
117	59146
117	12713
117	11134
117	12218
117	11149
117	43344
117	24368
88	35289
88	40949
88	29449
88	58207
88	39840
88	59146
88	34657
88	25558
88	18572
88	12295
102	53772
102	12874
102	25066
102	12055
102	24147
102	39840
102	61645
102	11149
102	41415
102	35390
103	11890
103	25066
103	11111
103	20442
103	12713
103	11134
103	11875
103	11149
103	11140
104	35289
104	12874
104	29449
104	12290
104	59146
104	58207
104	23348
104	12184
104	24943
104	11454
105	53772
105	29449
105	11111
105	59146
105	35455
105	59503
105	30986
105	25558
105	43344
105	13627
106	53772
106	39746
106	40949
106	59503
106	12713
106	20442
106	12184
106	55330
106	39183
106	40528
121	53772
121	40755
121	29449
121	12055
121	12713
121	25524
121	34657
121	42069
113	43344
103	11139
121	18572
121	39183
122	35289
122	11890
122	29449
122	59146
122	12713
122	35455
122	12218
122	25558
142	40755
122	35390
142	11890
142	11111
142	24147
142	11121
142	59503
142	25558
142	21550
142	12723
142	25517
123	35289
108	25558
108	24368
108	33413
124	53772
124	35289
124	11890
124	58207
124	39840
124	59503
124	23905
124	21550
124	40528
124	39183
125	35289
125	25066
125	29449
125	59146
125	20442
125	24147
125	30944
125	12218
125	13627
125	18572
126	35289
126	27615
126	29449
126	42724
126	12713
126	11121
126	61645
126	11875
126	13627
126	35390
127	53772
127	11890
127	11111
127	12055
127	58207
127	12713
129	25558
129	21550
129	35390
129	24368
95	35289
95	12874
95	29449
95	11134
95	12713
95	39840
95	25558
95	21550
95	23244
95	43344
130	40949
130	25066
130	29449
130	12713
130	11134
130	59503
130	30986
130	21550
130	12295
131	35289
131	40755
131	29449
131	12290
131	20442
131	58207
131	44740
131	11149
131	35390
131	61950
132	35289
132	11890
132	29449
132	59146
132	58207
132	39840
132	30986
132	21550
132	12295
132	24368
134	53772
134	35289
134	11111
130	24368
134	59146
134	35455
134	12055
134	61645
134	40805
134	13627
134	24368
135	53772
135	35289
135	29449
135	59146
135	58207
135	39840
135	21541
135	23348
135	11117
135	11140
137	12295
136	53772
136	40755
136	11111
136	12290
136	35455
136	59146
136	40389
136	39176
136	43344
136	13627
137	11890
137	25066
137	29449
137	59146
137	11121
137	39840
137	21541
137	12218
137	18572
138	12874
138	25066
138	29449
138	24147
138	13186
138	39840
138	21550
138	55868
138	35390
138	55887
139	35289
139	25066
139	29449
139	42724
139	24147
139	35455
139	23905
139	30986
139	23957
139	11357
140	53772
140	25066
140	29449
140	12290
140	12713
140	39840
140	30944
140	25558
140	43344
140	40988
1	59503
1	11950
1	39840
1	24377
1	11121
1	11134
1	27615
1	29449
1	40755
1	35289
2	59503
2	55749
2	39840
2	25558
2	24147
2	12218
2	20442
2	40949
2	40755
2	35289
3	59146
3	11875
3	39840
3	21541
3	11111
3	11134
3	20442
3	29449
3	40755
3	35289
4	59503
4	59146
4	39840
4	25558
4	20442
4	11134
4	11111
4	29449
4	40949
4	40755
5	55749
5	59146
5	12184
5	39840
123	11890
123	29449
123	58207
123	12713
123	13186
123	30986
123	40805
123	43344
123	55887
108	11890
108	29449
108	35289
108	59146
108	39840
108	58207
108	21550
\.


--
-- Data for Name: pickset; Type: TABLE DATA; Schema: golfpool; Owner: xcidhpvweehrud
--

COPY golfpool.pickset (id, participant_id, season_year, num) FROM stdin;
1	33	2018	\N
2	40	2018	\N
3	43	2018	\N
4	41	2018	\N
5	26	2018	\N
6	44	2018	\N
7	28	2018	\N
8	22	2018	\N
9	42	2018	\N
11	39	2018	\N
12	25	2018	\N
13	19	2018	\N
14	17	2018	\N
15	31	2018	\N
16	20	2018	\N
17	30	2018	\N
18	27	2018	\N
19	29	2018	\N
20	23	2018	\N
21	18	2018	\N
22	37	2018	\N
23	16	2018	\N
24	21	2018	\N
25	15	2018	\N
26	36	2018	\N
27	32	2018	\N
28	45	2018	\N
29	24	2018	\N
31	38	2018	\N
30	34	2018	1
10	34	2018	2
88	15	2019	\N
95	125	2019	\N
99	26	2019	\N
100	130	2019	\N
101	44	2019	\N
102	132	2019	\N
103	133	2019	\N
104	52	2019	\N
105	45	2019	\N
107	137	2019	\N
106	22	2019	\N
108	21	2019	\N
110	33	2019	\N
111	23	2019	\N
113	143	2019	\N
115	145	2019	\N
119	29	2019	\N
121	27	2019	\N
123	42	2019	\N
124	154	2019	\N
125	155	2019	\N
117	142	2019	\N
127	34	2019	2
126	34	2019	1
128	158	2019	\N
129	39	2019	\N
130	37	2019	\N
131	161	2019	\N
132	30	2019	\N
134	36	2019	\N
122	16	2019	\N
135	31	2019	\N
137	167	2019	\N
138	20	2019	\N
139	19	2019	\N
136	18	2019	\N
140	170	2019	\N
141	17	2019	\N
142	172	2019	\N
\.


--
-- Data for Name: player; Type: TABLE DATA; Schema: golfpool; Owner: xcidhpvweehrud
--

COPY golfpool.player (tour_id, name, id, photo_url) FROM stdin;
27349	Alex Noren	23905	https://pga-tour-res.cloudinary.com/image/upload/c_fill,d_headshots_default.png,dpr_2.0,f_auto,g_face:center,h_300,q_auto,w_300/headshots_27349.png
31580	Daniel Altamirano	\N	https://pga-tour-res.cloudinary.com/image/upload/c_fill,d_headshots_default.png,dpr_2.0,f_auto,g_face:center,h_300,q_auto,w_300/headshots_31580.png
49798	Sarosh Adi	\N	https://pga-tour-res.cloudinary.com/image/upload/c_fill,d_headshots_default.png,dpr_2.0,f_auto,g_face:center,h_300,q_auto,w_300/headshots_49798.png
54163	Daniel Angenscheidt	\N	https://pga-tour-res.cloudinary.com/image/upload/c_fill,d_headshots_default.png,dpr_2.0,f_auto,g_face:center,h_300,q_auto,w_300/headshots_54163.png
37455	Si Woo Kim	43344	https://pga-tour-res.cloudinary.com/image/upload/c_fill,d_headshots_default.png,dpr_2.0,f_auto,g_face:center,h_300,q_auto,w_300/headshots_37455.png
35296	HaoTong Li	43166	https://pga-tour-res.cloudinary.com/image/upload/c_fill,d_headshots_default.png,dpr_2.0,f_auto,g_face:center,h_300,q_auto,w_300/headshots_35296.png
25191	Gonzalo Fernandez-Castao	\N	https://pga-tour-res.cloudinary.com/image/upload/c_fill,d_headshots_default.png,dpr_2.0,f_auto,g_face:center,h_300,q_auto,w_300/headshots_25191.png
40006	Erik van Rooyen	\N	https://pga-tour-res.cloudinary.com/image/upload/c_fill,d_headshots_default.png,dpr_2.0,f_auto,g_face:center,h_300,q_auto,w_300/headshots_40006.png
52330	Dylan Meyer	\N	https://pga-tour-res.cloudinary.com/image/upload/c_fill,d_headshots_default.png,dpr_2.0,f_auto,g_face:center,h_300,q_auto,w_300/headshots_52330.png
24140	Sean O'Hair	\N	https://pga-tour-res.cloudinary.com/image/upload/c_fill,d_headshots_default.png,dpr_2.0,f_auto,g_face:center,h_300,q_auto,w_300/headshots_24140.png
24663	Y.E. Yang	\N	https://pga-tour-res.cloudinary.com/image/upload/c_fill,d_headshots_default.png,dpr_2.0,f_auto,g_face:center,h_300,q_auto,w_300/headshots_24663.png
01766	Billy Mayfair	\N	https://pga-tour-res.cloudinary.com/image/upload/c_fill,d_headshots_default.png,dpr_2.0,f_auto,g_face:center,h_300,q_auto,w_300/headshots_01766.png
28307	Matt every	\N	https://pga-tour-res.cloudinary.com/image/upload/c_fill,d_headshots_default.png,dpr_2.0,f_auto,g_face:center,h_300,q_auto,w_300/headshots_28307.png
19958	Miguel Angel Jimnez	\N	https://pga-tour-res.cloudinary.com/image/upload/c_fill,d_headshots_default.png,dpr_2.0,f_auto,g_face:center,h_300,q_auto,w_300/headshots_19958.png
10944	Thomas Bjrn	\N	https://pga-tour-res.cloudinary.com/image/upload/c_fill,d_headshots_default.png,dpr_2.0,f_auto,g_face:center,h_300,q_auto,w_300/headshots_10944.png
20848	ngel Cabrera	\N	https://pga-tour-res.cloudinary.com/image/upload/c_fill,d_headshots_default.png,dpr_2.0,f_auto,g_face:center,h_300,q_auto,w_300/headshots_20848.png
22986	Sren Kjeldsen	\N	https://pga-tour-res.cloudinary.com/image/upload/c_fill,d_headshots_default.png,dpr_2.0,f_auto,g_face:center,h_300,q_auto,w_300/headshots_22986.png
45616	Gustavo Arizpe	\N	https://pga-tour-res.cloudinary.com/image/upload/c_fill,d_headshots_default.png,dpr_2.0,f_auto,g_face:center,h_300,q_auto,w_300/headshots_45616.png
46437	Ian Davis	\N	https://pga-tour-res.cloudinary.com/image/upload/c_fill,d_headshots_default.png,dpr_2.0,f_auto,g_face:center,h_300,q_auto,w_300/headshots_46437.png
33120	Mark Anderson	25517	https://pga-tour-res.cloudinary.com/image/upload/c_fill,d_headshots_default.png,dpr_2.0,f_auto,g_face:center,h_300,q_auto,w_300/headshots_33120.png
55063	Ian Facey	\N	https://pga-tour-res.cloudinary.com/image/upload/c_fill,d_headshots_default.png,dpr_2.0,f_auto,g_face:center,h_300,q_auto,w_300/headshots_55063.png
40148	Eric Banks	\N	https://pga-tour-res.cloudinary.com/image/upload/c_fill,d_headshots_default.png,dpr_2.0,f_auto,g_face:center,h_300,q_auto,w_300/headshots_40148.png
30637	Yohann Benson	\N	https://pga-tour-res.cloudinary.com/image/upload/c_fill,d_headshots_default.png,dpr_2.0,f_auto,g_face:center,h_300,q_auto,w_300/headshots_30637.png
51703	Vincent Blanchette	\N	https://pga-tour-res.cloudinary.com/image/upload/c_fill,d_headshots_default.png,dpr_2.0,f_auto,g_face:center,h_300,q_auto,w_300/headshots_51703.png
55929	Valdemir Barbosa	\N	https://pga-tour-res.cloudinary.com/image/upload/c_fill,d_headshots_default.png,dpr_2.0,f_auto,g_face:center,h_300,q_auto,w_300/headshots_55929.png
32813	Shota Akiyoshi	\N	https://pga-tour-res.cloudinary.com/image/upload/c_fill,d_headshots_default.png,dpr_2.0,f_auto,g_face:center,h_300,q_auto,w_300/headshots_32813.png
20771	Steven Alker	\N	https://pga-tour-res.cloudinary.com/image/upload/c_fill,d_headshots_default.png,dpr_2.0,f_auto,g_face:center,h_300,q_auto,w_300/headshots_20771.png
33155	James Allenby	\N	https://pga-tour-res.cloudinary.com/image/upload/c_fill,d_headshots_default.png,dpr_2.0,f_auto,g_face:center,h_300,q_auto,w_300/headshots_33155.png
54625	Dawson Armstrong	\N	https://pga-tour-res.cloudinary.com/image/upload/c_fill,d_headshots_default.png,dpr_2.0,f_auto,g_face:center,h_300,q_auto,w_300/headshots_54625.png
47238	Jazz Janewattananond	56590	https://pga-tour-res.cloudinary.com/image/upload/c_fill,d_headshots_default.png,dpr_2.0,f_auto,g_face:center,h_300,q_auto,w_300/headshots_47238.png
34387	Daniel Balin	\N	https://pga-tour-res.cloudinary.com/image/upload/c_fill,d_headshots_default.png,dpr_2.0,f_auto,g_face:center,h_300,q_auto,w_300/headshots_34387.png
49298	Kramer Hickok	\N	https://pga-tour-res.cloudinary.com/image/upload/c_fill,d_headshots_default.png,dpr_2.0,f_auto,g_face:center,h_300,q_auto,w_300/headshots_49298.png
23533	Anthony Kang	\N	https://pga-tour-res.cloudinary.com/image/upload/c_fill,d_headshots_default.png,dpr_2.0,f_auto,g_face:center,h_300,q_auto,w_300/headshots_23533.png
29445	Sergio Acevedo	\N	https://pga-tour-res.cloudinary.com/image/upload/c_fill,d_headshots_default.png,dpr_2.0,f_auto,g_face:center,h_300,q_auto,w_300/headshots_29445.png
23540	Jason Allred	\N	https://pga-tour-res.cloudinary.com/image/upload/c_fill,d_headshots_default.png,dpr_2.0,f_auto,g_face:center,h_300,q_auto,w_300/headshots_23540.png
25503	Gustavo Acosta	\N	https://pga-tour-res.cloudinary.com/image/upload/c_fill,d_headshots_default.png,dpr_2.0,f_auto,g_face:center,h_300,q_auto,w_300/headshots_25503.png
56050	Camilo Aguado	\N	https://pga-tour-res.cloudinary.com/image/upload/c_fill,d_headshots_default.png,dpr_2.0,f_auto,g_face:center,h_300,q_auto,w_300/headshots_56050.png
23778	Brad Adamonis	\N	https://pga-tour-res.cloudinary.com/image/upload/c_fill,d_headshots_default.png,dpr_2.0,f_auto,g_face:center,h_300,q_auto,w_300/headshots_23778.png
52370	Mason Andersen	\N	https://pga-tour-res.cloudinary.com/image/upload/c_fill,d_headshots_default.png,dpr_2.0,f_auto,g_face:center,h_300,q_auto,w_300/headshots_52370.png
01465	Jack Hall	\N	https://pga-tour-res.cloudinary.com/image/upload/c_fill,d_headshots_default.png,dpr_2.0,f_auto,g_face:center,h_300,q_auto,w_300/headshots_01465.png
27796	Joe Affrunti	\N	https://pga-tour-res.cloudinary.com/image/upload/c_fill,d_headshots_default.png,dpr_2.0,f_auto,g_face:center,h_300,q_auto,w_300/headshots_27796.png
52383	Clint Alfred	\N	https://pga-tour-res.cloudinary.com/image/upload/c_fill,d_headshots_default.png,dpr_2.0,f_auto,g_face:center,h_300,q_auto,w_300/headshots_52383.png
34607	Francesco Laporta	\N	https://pga-tour-res.cloudinary.com/image/upload/c_fill,d_headshots_default.png,dpr_2.0,f_auto,g_face:center,h_300,q_auto,w_300/headshots_34607.png
24690	Jung Ji-ho	\N	https://pga-tour-res.cloudinary.com/image/upload/c_fill,d_headshots_default.png,dpr_2.0,f_auto,g_face:center,h_300,q_auto,w_300/headshots_24690.png
49964	Aaron Wise	61645	https://pga-tour-res.cloudinary.com/image/upload/c_fill,d_headshots_default.png,dpr_2.0,f_auto,g_face:center,h_300,q_auto,w_300/headshots_49964.png
46601	Trey Mullinax	57335	https://pga-tour-res.cloudinary.com/image/upload/c_fill,d_headshots_default.png,dpr_2.0,f_auto,g_face:center,h_300,q_auto,w_300/headshots_46601.png
29484	Peter Uihlein	30578	https://pga-tour-res.cloudinary.com/image/upload/c_fill,d_headshots_default.png,dpr_2.0,f_auto,g_face:center,h_300,q_auto,w_300/headshots_29484.png
35891	Cameron Smith	44740	https://pga-tour-res.cloudinary.com/image/upload/c_fill,d_headshots_default.png,dpr_2.0,f_auto,g_face:center,h_300,q_auto,w_300/headshots_35891.png
22371	Aaron Baddeley	12723	https://pga-tour-res.cloudinary.com/image/upload/c_fill,d_headshots_default.png,dpr_2.0,f_auto,g_face:center,h_300,q_auto,w_300/headshots_22371.png
12510	Chad Campbell	12191	https://pga-tour-res.cloudinary.com/image/upload/c_fill,d_headshots_default.png,dpr_2.0,f_auto,g_face:center,h_300,q_auto,w_300/headshots_12510.png
35225	Brandon Stone	44942	https://pga-tour-res.cloudinary.com/image/upload/c_fill,d_headshots_default.png,dpr_2.0,f_auto,g_face:center,h_300,q_auto,w_300/headshots_35225.png
20766	Padraig Harrington	11342	https://pga-tour-res.cloudinary.com/image/upload/c_fill,d_headshots_default.png,dpr_2.0,f_auto,g_face:center,h_300,q_auto,w_300/headshots_20766.png
22046	Geoff Ogilvy	11865	https://pga-tour-res.cloudinary.com/image/upload/c_fill,d_headshots_default.png,dpr_2.0,f_auto,g_face:center,h_300,q_auto,w_300/headshots_22046.png
30944	Jason Kokrak	24943	https://pga-tour-res.cloudinary.com/image/upload/c_fill,d_headshots_default.png,dpr_2.0,f_auto,g_face:center,h_300,q_auto,w_300/headshots_30944.png
48887	Matt Wallace	59897	https://pga-tour-res.cloudinary.com/image/upload/c_fill,d_headshots_default.png,dpr_2.0,f_auto,g_face:center,h_300,q_auto,w_300/headshots_48887.png
45478	Julian Suri	34790	https://pga-tour-res.cloudinary.com/image/upload/c_fill,d_headshots_default.png,dpr_2.0,f_auto,g_face:center,h_300,q_auto,w_300/headshots_45478.png
48081	Xander Schauffele	59503	https://pga-tour-res.cloudinary.com/image/upload/c_fill,d_headshots_default.png,dpr_2.0,f_auto,g_face:center,h_300,q_auto,w_300/headshots_48081.png
34709	Eddie Pepperell	53797	https://pga-tour-res.cloudinary.com/image/upload/c_fill,d_headshots_default.png,dpr_2.0,f_auto,g_face:center,h_300,q_auto,w_300/headshots_34709.png
35450	Patrick Cantlay	40805	https://pga-tour-res.cloudinary.com/image/upload/c_fill,d_headshots_default.png,dpr_2.0,f_auto,g_face:center,h_300,q_auto,w_300/headshots_35450.png
33968	Thorbjorn Olesen	41415	https://pga-tour-res.cloudinary.com/image/upload/c_fill,d_headshots_default.png,dpr_2.0,f_auto,g_face:center,h_300,q_auto,w_300/headshots_33968.png
08075	Jerry Kelly	11422	https://pga-tour-res.cloudinary.com/image/upload/c_fill,d_headshots_default.png,dpr_2.0,f_auto,g_face:center,h_300,q_auto,w_300/headshots_08075.png
27644	Brian Harman	24377	https://pga-tour-res.cloudinary.com/image/upload/c_fill,d_headshots_default.png,dpr_2.0,f_auto,g_face:center,h_300,q_auto,w_300/headshots_27644.png
33419	Cameron Tringale	30584	https://pga-tour-res.cloudinary.com/image/upload/c_fill,d_headshots_default.png,dpr_2.0,f_auto,g_face:center,h_300,q_auto,w_300/headshots_33419.png
30110	Kyle Stanley	25026	https://pga-tour-res.cloudinary.com/image/upload/c_fill,d_headshots_default.png,dpr_2.0,f_auto,g_face:center,h_300,q_auto,w_300/headshots_30110.png
27896	Ross Fisher	25122	https://pga-tour-res.cloudinary.com/image/upload/c_fill,d_headshots_default.png,dpr_2.0,f_auto,g_face:center,h_300,q_auto,w_300/headshots_27896.png
47959	Bryson DeChambeau	59146	https://pga-tour-res.cloudinary.com/image/upload/c_fill,d_headshots_default.png,dpr_2.0,f_auto,g_face:center,h_300,q_auto,w_300/headshots_47959.png
34261	Scott Langley	39741	https://pga-tour-res.cloudinary.com/image/upload/c_fill,d_headshots_default.png,dpr_2.0,f_auto,g_face:center,h_300,q_auto,w_300/headshots_34261.png
32757	Patton Kizzire	25578	https://pga-tour-res.cloudinary.com/image/upload/c_fill,d_headshots_default.png,dpr_2.0,f_auto,g_face:center,h_300,q_auto,w_300/headshots_32757.png
23452	Nicolas Colsaerts	13454	https://pga-tour-res.cloudinary.com/image/upload/c_fill,d_headshots_default.png,dpr_2.0,f_auto,g_face:center,h_300,q_auto,w_300/headshots_23452.png
34174	John Huh	41691	https://pga-tour-res.cloudinary.com/image/upload/c_fill,d_headshots_default.png,dpr_2.0,f_auto,g_face:center,h_300,q_auto,w_300/headshots_34174.png
09011	David Duval	11133	https://pga-tour-res.cloudinary.com/image/upload/c_fill,d_headshots_default.png,dpr_2.0,f_auto,g_face:center,h_300,q_auto,w_300/headshots_09011.png
24846	Ricky Barnes	22373	https://pga-tour-res.cloudinary.com/image/upload/c_fill,d_headshots_default.png,dpr_2.0,f_auto,g_face:center,h_300,q_auto,w_300/headshots_24846.png
27933	John Merrick	25885	https://pga-tour-res.cloudinary.com/image/upload/c_fill,d_headshots_default.png,dpr_2.0,f_auto,g_face:center,h_300,q_auto,w_300/headshots_27933.png
27936	Martin Laird	25881	https://pga-tour-res.cloudinary.com/image/upload/c_fill,d_headshots_default.png,dpr_2.0,f_auto,g_face:center,h_300,q_auto,w_300/headshots_27936.png
10423	Mike Weir	11514	https://pga-tour-res.cloudinary.com/image/upload/c_fill,d_headshots_default.png,dpr_2.0,f_auto,g_face:center,h_300,q_auto,w_300/headshots_10423.png
25900	Lucas Glover	20583	https://pga-tour-res.cloudinary.com/image/upload/c_fill,d_headshots_default.png,dpr_2.0,f_auto,g_face:center,h_300,q_auto,w_300/headshots_25900.png
20098	Stuart Appleby	11164	https://pga-tour-res.cloudinary.com/image/upload/c_fill,d_headshots_default.png,dpr_2.0,f_auto,g_face:center,h_300,q_auto,w_300/headshots_20098.png
06527	Steve Stricker	11472	https://pga-tour-res.cloudinary.com/image/upload/c_fill,d_headshots_default.png,dpr_2.0,f_auto,g_face:center,h_300,q_auto,w_300/headshots_06527.png
34021	Bud Cauley	40971	https://pga-tour-res.cloudinary.com/image/upload/c_fill,d_headshots_default.png,dpr_2.0,f_auto,g_face:center,h_300,q_auto,w_300/headshots_34021.png
27214	Kevin Streelman	21719	https://pga-tour-res.cloudinary.com/image/upload/c_fill,d_headshots_default.png,dpr_2.0,f_auto,g_face:center,h_300,q_auto,w_300/headshots_27214.png
19846	Brian Gay	12278	https://pga-tour-res.cloudinary.com/image/upload/c_fill,d_headshots_default.png,dpr_2.0,f_auto,g_face:center,h_300,q_auto,w_300/headshots_19846.png
22621	Ben Curtis	12744	https://pga-tour-res.cloudinary.com/image/upload/c_fill,d_headshots_default.png,dpr_2.0,f_auto,g_face:center,h_300,q_auto,w_300/headshots_22621.png
23983	Luke Donald	16506	https://pga-tour-res.cloudinary.com/image/upload/c_fill,d_headshots_default.png,dpr_2.0,f_auto,g_face:center,h_300,q_auto,w_300/headshots_23983.png
01945	Kenny Perry	12064	https://pga-tour-res.cloudinary.com/image/upload/c_fill,d_headshots_default.png,dpr_2.0,f_auto,g_face:center,h_300,q_auto,w_300/headshots_01945.png
35541	John Peterson	34778	https://pga-tour-res.cloudinary.com/image/upload/c_fill,d_headshots_default.png,dpr_2.0,f_auto,g_face:center,h_300,q_auto,w_300/headshots_35541.png
21961	Charles Howell III	12295	https://pga-tour-res.cloudinary.com/image/upload/c_fill,d_headshots_default.png,dpr_2.0,f_auto,g_face:center,h_300,q_auto,w_300/headshots_21961.png
27895	Jonas Blixt	25123	https://pga-tour-res.cloudinary.com/image/upload/c_fill,d_headshots_default.png,dpr_2.0,f_auto,g_face:center,h_300,q_auto,w_300/headshots_27895.png
06522	Ernie Els	11139	https://pga-tour-res.cloudinary.com/image/upload/c_fill,d_headshots_default.png,dpr_2.0,f_auto,g_face:center,h_300,q_auto,w_300/headshots_06522.png
22792	Peter Hanson	13442	https://pga-tour-res.cloudinary.com/image/upload/c_fill,d_headshots_default.png,dpr_2.0,f_auto,g_face:center,h_300,q_auto,w_300/headshots_22792.png
34099	Harris English	34793	https://pga-tour-res.cloudinary.com/image/upload/c_fill,d_headshots_default.png,dpr_2.0,f_auto,g_face:center,h_300,q_auto,w_300/headshots_34099.png
20396	Lee Westwood	11117	https://pga-tour-res.cloudinary.com/image/upload/c_fill,d_headshots_default.png,dpr_2.0,f_auto,g_face:center,h_300,q_auto,w_300/headshots_20396.png
30852	Ryo Ishikawa	37993	https://pga-tour-res.cloudinary.com/image/upload/c_fill,d_headshots_default.png,dpr_2.0,f_auto,g_face:center,h_300,q_auto,w_300/headshots_30852.png
26289	Boo Weekley	21380	https://pga-tour-res.cloudinary.com/image/upload/c_fill,d_headshots_default.png,dpr_2.0,f_auto,g_face:center,h_300,q_auto,w_300/headshots_26289.png
26679	Kevin Stadler	22619	https://pga-tour-res.cloudinary.com/image/upload/c_fill,d_headshots_default.png,dpr_2.0,f_auto,g_face:center,h_300,q_auto,w_300/headshots_26679.png
23638	Brendon de Jonge	24110	https://pga-tour-res.cloudinary.com/image/upload/c_fill,d_headshots_default.png,dpr_2.0,f_auto,g_face:center,h_300,q_auto,w_300/headshots_23638.png
25274	Steven Bowditch	13221	https://pga-tour-res.cloudinary.com/image/upload/c_fill,d_headshots_default.png,dpr_2.0,f_auto,g_face:center,h_300,q_auto,w_300/headshots_25274.png
25240	D.A. Points	13023	https://pga-tour-res.cloudinary.com/image/upload/c_fill,d_headshots_default.png,dpr_2.0,f_auto,g_face:center,h_300,q_auto,w_300/headshots_25240.png
20645	John Senden	11896	https://pga-tour-res.cloudinary.com/image/upload/c_fill,d_headshots_default.png,dpr_2.0,f_auto,g_face:center,h_300,q_auto,w_300/headshots_20645.png
20229	Stewart Cink	11390	https://pga-tour-res.cloudinary.com/image/upload/c_fill,d_headshots_default.png,dpr_2.0,f_auto,g_face:center,h_300,q_auto,w_300/headshots_20229.png
24357	K.J. Choi	12281	https://pga-tour-res.cloudinary.com/image/upload/c_fill,d_headshots_default.png,dpr_2.0,f_auto,g_face:center,h_300,q_auto,w_300/headshots_24357.png
27770	Camilo Villegas	20579	https://pga-tour-res.cloudinary.com/image/upload/c_fill,d_headshots_default.png,dpr_2.0,f_auto,g_face:center,h_300,q_auto,w_300/headshots_27770.png
21731	Freddie Jacobson	11350	https://pga-tour-res.cloudinary.com/image/upload/c_fill,d_headshots_default.png,dpr_2.0,f_auto,g_face:center,h_300,q_auto,w_300/headshots_21731.png
30692	Scott Stallings	38177	https://pga-tour-res.cloudinary.com/image/upload/c_fill,d_headshots_default.png,dpr_2.0,f_auto,g_face:center,h_300,q_auto,w_300/headshots_30692.png
23541	Ben Crane	12362	https://pga-tour-res.cloudinary.com/image/upload/c_fill,d_headshots_default.png,dpr_2.0,f_auto,g_face:center,h_300,q_auto,w_300/headshots_23541.png
08793	Tiger Woods	11111	https://pga-tour-res.cloudinary.com/image/upload/c_fill,d_headshots_default.png,dpr_2.0,f_auto,g_face:center,h_300,q_auto,w_300/headshots_08793.png
27095	Nick Watney	20552	https://pga-tour-res.cloudinary.com/image/upload/c_fill,d_headshots_default.png,dpr_2.0,f_auto,g_face:center,h_300,q_auto,w_300/headshots_27095.png
23320	Ryan Palmer	22821	https://pga-tour-res.cloudinary.com/image/upload/c_fill,d_headshots_default.png,dpr_2.0,f_auto,g_face:center,h_300,q_auto,w_300/headshots_23320.png
10860	Justin Leonard	11163	https://pga-tour-res.cloudinary.com/image/upload/c_fill,d_headshots_default.png,dpr_2.0,f_auto,g_face:center,h_300,q_auto,w_300/headshots_10860.png
29461	Jamie Lovemark	30565	https://pga-tour-res.cloudinary.com/image/upload/c_fill,d_headshots_default.png,dpr_2.0,f_auto,g_face:center,h_300,q_auto,w_300/headshots_29461.png
26476	Chez Reavie	20571	https://pga-tour-res.cloudinary.com/image/upload/c_fill,d_headshots_default.png,dpr_2.0,f_auto,g_face:center,h_300,q_auto,w_300/headshots_26476.png
19825	Darren Clarke	11337	https://pga-tour-res.cloudinary.com/image/upload/c_fill,d_headshots_default.png,dpr_2.0,f_auto,g_face:center,h_300,q_auto,w_300/headshots_19825.png
28339	Victor Dubuisson	29767	https://pga-tour-res.cloudinary.com/image/upload/c_fill,d_headshots_default.png,dpr_2.0,f_auto,g_face:center,h_300,q_auto,w_300/headshots_28339.png
25369	Jamie Donaldson	13524	https://pga-tour-res.cloudinary.com/image/upload/c_fill,d_headshots_default.png,dpr_2.0,f_auto,g_face:center,h_300,q_auto,w_300/headshots_25369.png
29926	Danny Lee	34771	https://pga-tour-res.cloudinary.com/image/upload/c_fill,d_headshots_default.png,dpr_2.0,f_auto,g_face:center,h_300,q_auto,w_300/headshots_29926.png
34431	Robert Streb	25069	https://pga-tour-res.cloudinary.com/image/upload/c_fill,d_headshots_default.png,dpr_2.0,f_auto,g_face:center,h_300,q_auto,w_300/headshots_34431.png
30978	Kiradech Aphibarnrat	39176	https://pga-tour-res.cloudinary.com/image/upload/c_fill,d_headshots_default.png,dpr_2.0,f_auto,g_face:center,h_300,q_auto,w_300/headshots_30978.png
06567	Vijay Singh	11146	https://pga-tour-res.cloudinary.com/image/upload/c_fill,d_headshots_default.png,dpr_2.0,f_auto,g_face:center,h_300,q_auto,w_300/headshots_06567.png
33141	Keegan Bradley	34657	https://pga-tour-res.cloudinary.com/image/upload/c_fill,d_headshots_default.png,dpr_2.0,f_auto,g_face:center,h_300,q_auto,w_300/headshots_33141.png
29221	Webb Simpson	25524	https://pga-tour-res.cloudinary.com/image/upload/c_fill,d_headshots_default.png,dpr_2.0,f_auto,g_face:center,h_300,q_auto,w_300/headshots_29221.png
31557	Jim Herman	26768	https://pga-tour-res.cloudinary.com/image/upload/c_fill,d_headshots_default.png,dpr_2.0,f_auto,g_face:center,h_300,q_auto,w_300/headshots_31557.png
29454	Bernd Wiesberger	28231	https://pga-tour-res.cloudinary.com/image/upload/c_fill,d_headshots_default.png,dpr_2.0,f_auto,g_face:center,h_300,q_auto,w_300/headshots_29454.png
33204	Shane Lowry	40528	https://pga-tour-res.cloudinary.com/image/upload/c_fill,d_headshots_default.png,dpr_2.0,f_auto,g_face:center,h_300,q_auto,w_300/headshots_33204.png
24138	Ian Poulter	11875	https://pga-tour-res.cloudinary.com/image/upload/c_fill,d_headshots_default.png,dpr_2.0,f_auto,g_face:center,h_300,q_auto,w_300/headshots_24138.png
29420	Billy Horschel	30944	https://pga-tour-res.cloudinary.com/image/upload/c_fill,d_headshots_default.png,dpr_2.0,f_auto,g_face:center,h_300,q_auto,w_300/headshots_29420.png
25686	Jason Dufner	18832	https://pga-tour-res.cloudinary.com/image/upload/c_fill,d_headshots_default.png,dpr_2.0,f_auto,g_face:center,h_300,q_auto,w_300/headshots_25686.png
25572	Graeme McDowell	18463	https://pga-tour-res.cloudinary.com/image/upload/c_fill,d_headshots_default.png,dpr_2.0,f_auto,g_face:center,h_300,q_auto,w_300/headshots_25572.png
35314	Andy Sullivan	43240	https://pga-tour-res.cloudinary.com/image/upload/c_fill,d_headshots_default.png,dpr_2.0,f_auto,g_face:center,h_300,q_auto,w_300/headshots_35314.png
12716	Charley Hoffman	12218	https://pga-tour-res.cloudinary.com/image/upload/c_fill,d_headshots_default.png,dpr_2.0,f_auto,g_face:center,h_300,q_auto,w_300/headshots_12716.png
24781	Hunter Mahan	22823	https://pga-tour-res.cloudinary.com/image/upload/c_fill,d_headshots_default.png,dpr_2.0,f_auto,g_face:center,h_300,q_auto,w_300/headshots_24781.png
22378	Trevor Immelman	12968	https://pga-tour-res.cloudinary.com/image/upload/c_fill,d_headshots_default.png,dpr_2.0,f_auto,g_face:center,h_300,q_auto,w_300/headshots_22378.png
21209	Sergio Garcia	11121	https://pga-tour-res.cloudinary.com/image/upload/c_fill,d_headshots_default.png,dpr_2.0,f_auto,g_face:center,h_300,q_auto,w_300/headshots_21209.png
34264	Hudson Swafford	35198	https://pga-tour-res.cloudinary.com/image/upload/c_fill,d_headshots_default.png,dpr_2.0,f_auto,g_face:center,h_300,q_auto,w_300/headshots_34264.png
24502	Adam Scott	12290	https://pga-tour-res.cloudinary.com/image/upload/c_fill,d_headshots_default.png,dpr_2.0,f_auto,g_face:center,h_300,q_auto,w_300/headshots_24502.png
29518	Brendan Steele	24940	https://pga-tour-res.cloudinary.com/image/upload/c_fill,d_headshots_default.png,dpr_2.0,f_auto,g_face:center,h_300,q_auto,w_300/headshots_29518.png
01666	Bernhard Langer	11357	https://pga-tour-res.cloudinary.com/image/upload/c_fill,d_headshots_default.png,dpr_2.0,f_auto,g_face:center,h_300,q_auto,w_300/headshots_01666.png
26851	Marc Leishman	24147	https://pga-tour-res.cloudinary.com/image/upload/c_fill,d_headshots_default.png,dpr_2.0,f_auto,g_face:center,h_300,q_auto,w_300/headshots_26851.png
31646	Emiliano Grillo	40792	https://pga-tour-res.cloudinary.com/image/upload/c_fill,d_headshots_default.png,dpr_2.0,f_auto,g_face:center,h_300,q_auto,w_300/headshots_31646.png
31202	William McGirt	26422	https://pga-tour-res.cloudinary.com/image/upload/c_fill,d_headshots_default.png,dpr_2.0,f_auto,g_face:center,h_300,q_auto,w_300/headshots_31202.png
23108	Matt Kuchar	12713	https://pga-tour-res.cloudinary.com/image/upload/c_fill,d_headshots_default.png,dpr_2.0,f_auto,g_face:center,h_300,q_auto,w_300/headshots_23108.png
30911	Tommy Fleetwood	39840	https://pga-tour-res.cloudinary.com/image/upload/c_fill,d_headshots_default.png,dpr_2.0,f_auto,g_face:center,h_300,q_auto,w_300/headshots_30911.png
32366	Kevin Chappell	31069	https://pga-tour-res.cloudinary.com/image/upload/c_fill,d_headshots_default.png,dpr_2.0,f_auto,g_face:center,h_300,q_auto,w_300/headshots_32366.png
01226	Fred Couples	11140	https://pga-tour-res.cloudinary.com/image/upload/c_fill,d_headshots_default.png,dpr_2.0,f_auto,g_face:center,h_300,q_auto,w_300/headshots_01226.png
29478	Kevin Kisner	25558	https://pga-tour-res.cloudinary.com/image/upload/c_fill,d_headshots_default.png,dpr_2.0,f_auto,g_face:center,h_300,q_auto,w_300/headshots_29478.png
27408	Martin Kaymer	23957	https://pga-tour-res.cloudinary.com/image/upload/c_fill,d_headshots_default.png,dpr_2.0,f_auto,g_face:center,h_300,q_auto,w_300/headshots_27408.png
26331	Charl Schwartzel	21541	https://pga-tour-res.cloudinary.com/image/upload/c_fill,d_headshots_default.png,dpr_2.0,f_auto,g_face:center,h_300,q_auto,w_300/headshots_26331.png
26499	Rafa Cabrera Bello	22156	https://pga-tour-res.cloudinary.com/image/upload/c_fill,d_headshots_default.png,dpr_2.0,f_auto,g_face:center,h_300,q_auto,w_300/headshots_26499.png
24361	Pat Perez	11950	https://pga-tour-res.cloudinary.com/image/upload/c_fill,d_headshots_default.png,dpr_2.0,f_auto,g_face:center,h_300,q_auto,w_300/headshots_24361.png
33448	Justin Thomas	40949	https://pga-tour-res.cloudinary.com/image/upload/c_fill,d_headshots_default.png,dpr_2.0,f_auto,g_face:center,h_300,q_auto,w_300/headshots_33448.png
34363	Tyrrell Hatton	42069	https://pga-tour-res.cloudinary.com/image/upload/c_fill,d_headshots_default.png,dpr_2.0,f_auto,g_face:center,h_300,q_auto,w_300/headshots_34363.png
10809	Jim Furyk	11149	https://pga-tour-res.cloudinary.com/image/upload/c_fill,d_headshots_default.png,dpr_2.0,f_auto,g_face:center,h_300,q_auto,w_300/headshots_10809.png
25632	Jimmy Walker	18572	https://pga-tour-res.cloudinary.com/image/upload/c_fill,d_headshots_default.png,dpr_2.0,f_auto,g_face:center,h_300,q_auto,w_300/headshots_25632.png
29725	Tony Finau	35455	https://pga-tour-res.cloudinary.com/image/upload/c_fill,d_headshots_default.png,dpr_2.0,f_auto,g_face:center,h_300,q_auto,w_300/headshots_29725.png
33122	Russell Knox	40389	https://pga-tour-res.cloudinary.com/image/upload/c_fill,d_headshots_default.png,dpr_2.0,f_auto,g_face:center,h_300,q_auto,w_300/headshots_33122.png
31323	Gary Woodland	30986	https://pga-tour-res.cloudinary.com/image/upload/c_fill,d_headshots_default.png,dpr_2.0,f_auto,g_face:center,h_300,q_auto,w_300/headshots_31323.png
25198	Francesco Molinari	12874	https://pga-tour-res.cloudinary.com/image/upload/c_fill,d_headshots_default.png,dpr_2.0,f_auto,g_face:center,h_300,q_auto,w_300/headshots_25198.png
21528	Henrik Stenson	12055	https://pga-tour-res.cloudinary.com/image/upload/c_fill,d_headshots_default.png,dpr_2.0,f_auto,g_face:center,h_300,q_auto,w_300/headshots_21528.png
29974	Branden Grace	37456	https://pga-tour-res.cloudinary.com/image/upload/c_fill,d_headshots_default.png,dpr_2.0,f_auto,g_face:center,h_300,q_auto,w_300/headshots_29974.png
36689	Brooks Koepka	53772	https://pga-tour-res.cloudinary.com/image/upload/c_fill,d_headshots_default.png,dpr_2.0,f_auto,g_face:center,h_300,q_auto,w_300/headshots_36689.png
25364	Paul Casey	13186	https://pga-tour-res.cloudinary.com/image/upload/c_fill,d_headshots_default.png,dpr_2.0,f_auto,g_face:center,h_300,q_auto,w_300/headshots_25364.png
40098	Matthew Fitzpatrick	55868	https://pga-tour-res.cloudinary.com/image/upload/c_fill,d_headshots_default.png,dpr_2.0,f_auto,g_face:center,h_300,q_auto,w_300/headshots_40098.png
33948	Byeong Hun An	40988	https://pga-tour-res.cloudinary.com/image/upload/c_fill,d_headshots_default.png,dpr_2.0,f_auto,g_face:center,h_300,q_auto,w_300/headshots_33948.png
26596	Ryan Moore	22381	https://pga-tour-res.cloudinary.com/image/upload/c_fill,d_headshots_default.png,dpr_2.0,f_auto,g_face:center,h_300,q_auto,w_300/headshots_26596.png
22405	Justin Rose	11890	https://pga-tour-res.cloudinary.com/image/upload/c_fill,d_headshots_default.png,dpr_2.0,f_auto,g_face:center,h_300,q_auto,w_300/headshots_22405.png
27649	Brandt Snedeker	24368	https://pga-tour-res.cloudinary.com/image/upload/c_fill,d_headshots_default.png,dpr_2.0,f_auto,g_face:center,h_300,q_auto,w_300/headshots_27649.png
33293	Thomas Pieters	55830	https://pga-tour-res.cloudinary.com/image/upload/c_fill,d_headshots_default.png,dpr_2.0,f_auto,g_face:center,h_300,q_auto,w_300/headshots_33293.png
32839	Hideki Matsuyama	42724	https://pga-tour-res.cloudinary.com/image/upload/c_fill,d_headshots_default.png,dpr_2.0,f_auto,g_face:center,h_300,q_auto,w_300/headshots_32839.png
34360	Patrick Reed	39746	https://pga-tour-res.cloudinary.com/image/upload/c_fill,d_headshots_default.png,dpr_2.0,f_auto,g_face:center,h_300,q_auto,w_300/headshots_34360.png
32139	Danny Willett	39183	https://pga-tour-res.cloudinary.com/image/upload/c_fill,d_headshots_default.png,dpr_2.0,f_auto,g_face:center,h_300,q_auto,w_300/headshots_32139.png
24024	Zach Johnson	12184	https://pga-tour-res.cloudinary.com/image/upload/c_fill,d_headshots_default.png,dpr_2.0,f_auto,g_face:center,h_300,q_auto,w_300/headshots_24024.png
25396	Kevin Na	13627	https://pga-tour-res.cloudinary.com/image/upload/c_fill,d_headshots_default.png,dpr_2.0,f_auto,g_face:center,h_300,q_auto,w_300/headshots_25396.png
40026	Daniel Berger	55749	https://pga-tour-res.cloudinary.com/image/upload/c_fill,d_headshots_default.png,dpr_2.0,f_auto,g_face:center,h_300,q_auto,w_300/headshots_40026.png
28237	Rory McIlroy	29449	https://pga-tour-res.cloudinary.com/image/upload/c_fill,d_headshots_default.png,dpr_2.0,f_auto,g_face:center,h_300,q_auto,w_300/headshots_28237.png
01810	Phil Mickelson	11134	https://pga-tour-res.cloudinary.com/image/upload/c_fill,d_headshots_default.png,dpr_2.0,f_auto,g_face:center,h_300,q_auto,w_300/headshots_01810.png
24924	Bill Haas	22176	https://pga-tour-res.cloudinary.com/image/upload/c_fill,d_headshots_default.png,dpr_2.0,f_auto,g_face:center,h_300,q_auto,w_300/headshots_24924.png
33399	Adam Hadwin	39737	https://pga-tour-res.cloudinary.com/image/upload/c_fill,d_headshots_default.png,dpr_2.0,f_auto,g_face:center,h_300,q_auto,w_300/headshots_33399.png
30925	Dustin Johnson	35289	https://pga-tour-res.cloudinary.com/image/upload/c_fill,d_headshots_default.png,dpr_2.0,f_auto,g_face:center,h_300,q_auto,w_300/headshots_30925.png
28089	Jason Day	27615	https://pga-tour-res.cloudinary.com/image/upload/c_fill,d_headshots_default.png,dpr_2.0,f_auto,g_face:center,h_300,q_auto,w_300/headshots_28089.png
34046	Jordan Spieth	40755	https://pga-tour-res.cloudinary.com/image/upload/c_fill,d_headshots_default.png,dpr_2.0,f_auto,g_face:center,h_300,q_auto,w_300/headshots_34046.png
25804	Bubba Watson	20442	https://pga-tour-res.cloudinary.com/image/upload/c_fill,d_headshots_default.png,dpr_2.0,f_auto,g_face:center,h_300,q_auto,w_300/headshots_25804.png
26329	Louis Oosthuizen	21550	https://pga-tour-res.cloudinary.com/image/upload/c_fill,d_headshots_default.png,dpr_2.0,f_auto,g_face:center,h_300,q_auto,w_300/headshots_26329.png
32102	Rickie Fowler	25066	https://pga-tour-res.cloudinary.com/image/upload/c_fill,d_headshots_default.png,dpr_2.0,f_auto,g_face:center,h_300,q_auto,w_300/headshots_32102.png
27141	J.B. Holmes	23348	https://pga-tour-res.cloudinary.com/image/upload/c_fill,d_headshots_default.png,dpr_2.0,f_auto,g_face:center,h_300,q_auto,w_300/headshots_27141.png
46970	Jon Rahm	58207	https://pga-tour-res.cloudinary.com/image/upload/c_fill,d_headshots_default.png,dpr_2.0,f_auto,g_face:center,h_300,q_auto,w_300/headshots_46970.png
34098	Russell Henley	30560	https://pga-tour-res.cloudinary.com/image/upload/c_fill,d_headshots_default.png,dpr_2.0,f_auto,g_face:center,h_300,q_auto,w_300/headshots_34098.png
33803	Lucas Bjerregaard	35390	https://pga-tour-res.cloudinary.com/image/upload/c_fill,d_headshots_default.png,dpr_2.0,f_auto,g_face:center,h_300,q_auto,w_300/headshots_33803.png
01249	John Daly	11394	https://pga-tour-res.cloudinary.com/image/upload/c_fill,d_headshots_default.png,dpr_2.0,f_auto,g_face:center,h_300,q_auto,w_300/headshots_01249.png
39546	Keith Mitchell	55330	https://pga-tour-res.cloudinary.com/image/upload/c_fill,d_headshots_default.png,dpr_2.0,f_auto,g_face:center,h_300,q_auto,w_300/headshots_39546.png
27064	Jhonattan Vegas	23244	https://pga-tour-res.cloudinary.com/image/upload/c_fill,d_headshots_default.png,dpr_2.0,f_auto,g_face:center,h_300,q_auto,w_300/headshots_27064.png
45526	Abraham Ancer	56621	https://pga-tour-res.cloudinary.com/image/upload/c_fill,d_headshots_default.png,dpr_2.0,f_auto,g_face:center,h_300,q_auto,w_300/headshots_45526.png
23621	Rory Sabbatini	11454	https://pga-tour-res.cloudinary.com/image/upload/c_fill,d_headshots_default.png,dpr_2.0,f_auto,g_face:center,h_300,q_auto,w_300/headshots_23621.png
01035	Tommy Armour III	11373	https://pga-tour-res.cloudinary.com/image/upload/c_fill,d_headshots_default.png,dpr_2.0,f_auto,g_face:center,h_300,q_auto,w_300/headshots_01035.png
52372	Cameron Champ	61950	https://pga-tour-res.cloudinary.com/image/upload/c_fill,d_headshots_default.png,dpr_2.0,f_auto,g_face:center,h_300,q_auto,w_300/headshots_52372.png
39997	Corey Conners	55887	https://pga-tour-res.cloudinary.com/image/upload/c_fill,d_headshots_default.png,dpr_2.0,f_auto,g_face:center,h_300,q_auto,w_300/headshots_39997.png
28938	Justin Harding	33413	https://pga-tour-res.cloudinary.com/image/upload/c_fill,d_headshots_default.png,dpr_2.0,f_auto,g_face:center,h_300,q_auto,w_300/headshots_28938.png
46046	Scottie Scheffler	56855	https://pga-tour-res.cloudinary.com/image/upload/c_fill,d_headshots_default.png,dpr_2.0,f_auto,g_face:center,h_300,q_auto,w_300/headshots_46046.png
39971	Sungjae Im	62476	https://pga-tour-res.cloudinary.com/image/upload/c_fill,d_headshots_default.png,dpr_2.0,f_auto,g_face:center,h_300,q_auto,w_300/headshots_39971.png
29970	Dylan Frittelli	37455	https://pga-tour-res.cloudinary.com/image/upload/c_fill,d_headshots_default.png,dpr_2.0,f_auto,g_face:center,h_300,q_auto,w_300/headshots_29970.png
33449	Zack Sucher	40697	https://pga-tour-res.cloudinary.com/image/upload/c_fill,d_headshots_default.png,dpr_2.0,f_auto,g_face:center,h_300,q_auto,w_300/headshots_33449.png
\.


--
-- Data for Name: season; Type: TABLE DATA; Schema: golfpool; Owner: xcidhpvweehrud
--

COPY golfpool.season (year) FROM stdin;
2013
2014
2015
2016
2017
2018
2019
2020
\.


--
-- Data for Name: tournament; Type: TABLE DATA; Schema: golfpool; Owner: xcidhpvweehrud
--

COPY golfpool.tournament (id, name) FROM stdin;
033	PGA Championship
026	U.S. Open
100	British Open
014	The Masters
\.


--
-- Name: participant_id_seq; Type: SEQUENCE SET; Schema: golfpool; Owner: xcidhpvweehrud
--

SELECT pg_catalog.setval('golfpool.participant_id_seq', 195, true);


--
-- Name: pickset_id_seq; Type: SEQUENCE SET; Schema: golfpool; Owner: xcidhpvweehrud
--

SELECT pg_catalog.setval('golfpool.pickset_id_seq', 160, true);


--
-- Name: event_leaderboard_xref event_leaderboard_xref_pk; Type: CONSTRAINT; Schema: golfpool; Owner: xcidhpvweehrud
--

ALTER TABLE ONLY golfpool.event_leaderboard_xref
    ADD CONSTRAINT event_leaderboard_xref_pk PRIMARY KEY (tournament_id, season_year, player_tour_id);


--
-- Name: event event_pkey; Type: CONSTRAINT; Schema: golfpool; Owner: xcidhpvweehrud
--

ALTER TABLE ONLY golfpool.event
    ADD CONSTRAINT event_pkey PRIMARY KEY (tournament_id, season_year);


--
-- Name: event_standings_xref event_standings_xref_pk; Type: CONSTRAINT; Schema: golfpool; Owner: xcidhpvweehrud
--

ALTER TABLE ONLY golfpool.event_standings_xref
    ADD CONSTRAINT event_standings_xref_pk UNIQUE (tournament_id, season_year, pickset_id);


--
-- Name: level_xref level_xref_pk; Type: CONSTRAINT; Schema: golfpool; Owner: xcidhpvweehrud
--

ALTER TABLE ONLY golfpool.level_xref
    ADD CONSTRAINT level_xref_pk PRIMARY KEY (player_id, season_year);


--
-- Name: participant participant_name_email_key; Type: CONSTRAINT; Schema: golfpool; Owner: xcidhpvweehrud
--

ALTER TABLE ONLY golfpool.participant
    ADD CONSTRAINT participant_name_email_key UNIQUE (name, email);


--
-- Name: participant participant_pkey; Type: CONSTRAINT; Schema: golfpool; Owner: xcidhpvweehrud
--

ALTER TABLE ONLY golfpool.participant
    ADD CONSTRAINT participant_pkey PRIMARY KEY (id);


--
-- Name: picks_xref picks_xref_pkey; Type: CONSTRAINT; Schema: golfpool; Owner: xcidhpvweehrud
--

ALTER TABLE ONLY golfpool.picks_xref
    ADD CONSTRAINT picks_xref_pkey PRIMARY KEY (player_id, pickset_id);


--
-- Name: pickset pickset_pkey; Type: CONSTRAINT; Schema: golfpool; Owner: xcidhpvweehrud
--

ALTER TABLE ONLY golfpool.pickset
    ADD CONSTRAINT pickset_pkey PRIMARY KEY (id);


--
-- Name: player player_pkey; Type: CONSTRAINT; Schema: golfpool; Owner: xcidhpvweehrud
--

ALTER TABLE ONLY golfpool.player
    ADD CONSTRAINT player_pkey PRIMARY KEY (tour_id);


--
-- Name: season season_pkey; Type: CONSTRAINT; Schema: golfpool; Owner: xcidhpvweehrud
--

ALTER TABLE ONLY golfpool.season
    ADD CONSTRAINT season_pkey PRIMARY KEY (year);


--
-- Name: tournament tournament_pkey; Type: CONSTRAINT; Schema: golfpool; Owner: xcidhpvweehrud
--

ALTER TABLE ONLY golfpool.tournament
    ADD CONSTRAINT tournament_pkey PRIMARY KEY (id);


--
-- Name: player_channel_id_uindex; Type: INDEX; Schema: golfpool; Owner: xcidhpvweehrud
--

CREATE UNIQUE INDEX player_channel_id_uindex ON golfpool.player USING btree (id);


--
-- Name: player_photo_url_uindex; Type: INDEX; Schema: golfpool; Owner: xcidhpvweehrud
--

CREATE UNIQUE INDEX player_photo_url_uindex ON golfpool.player USING btree (photo_url);


--
-- Name: unique_a_b_when_not_null; Type: INDEX; Schema: golfpool; Owner: xcidhpvweehrud
--

CREATE UNIQUE INDEX unique_a_b_when_not_null ON golfpool.pickset USING btree (participant_id, season_year, num) WHERE (num IS NOT NULL);


--
-- Name: unique_a_b_when_null; Type: INDEX; Schema: golfpool; Owner: xcidhpvweehrud
--

CREATE UNIQUE INDEX unique_a_b_when_null ON golfpool.pickset USING btree (participant_id, season_year) WHERE (num IS NULL);


--
-- Name: event_leaderboard_xref event_leaderboard_xref_event_tournament_id_season_year_fk; Type: FK CONSTRAINT; Schema: golfpool; Owner: xcidhpvweehrud
--

ALTER TABLE ONLY golfpool.event_leaderboard_xref
    ADD CONSTRAINT event_leaderboard_xref_event_tournament_id_season_year_fk FOREIGN KEY (tournament_id, season_year) REFERENCES golfpool.event(tournament_id, season_year);


--
-- Name: event event_season_year_fkey; Type: FK CONSTRAINT; Schema: golfpool; Owner: xcidhpvweehrud
--

ALTER TABLE ONLY golfpool.event
    ADD CONSTRAINT event_season_year_fkey FOREIGN KEY (season_year) REFERENCES golfpool.season(year);


--
-- Name: event_standings_xref event_standings_xref_event_tournament_id_season_year_fk; Type: FK CONSTRAINT; Schema: golfpool; Owner: xcidhpvweehrud
--

ALTER TABLE ONLY golfpool.event_standings_xref
    ADD CONSTRAINT event_standings_xref_event_tournament_id_season_year_fk FOREIGN KEY (tournament_id, season_year) REFERENCES golfpool.event(tournament_id, season_year);


--
-- Name: event_standings_xref event_standings_xref_pickset_id_fk; Type: FK CONSTRAINT; Schema: golfpool; Owner: xcidhpvweehrud
--

ALTER TABLE ONLY golfpool.event_standings_xref
    ADD CONSTRAINT event_standings_xref_pickset_id_fk FOREIGN KEY (pickset_id) REFERENCES golfpool.pickset(id);


--
-- Name: event event_tournament_id_fkey; Type: FK CONSTRAINT; Schema: golfpool; Owner: xcidhpvweehrud
--

ALTER TABLE ONLY golfpool.event
    ADD CONSTRAINT event_tournament_id_fkey FOREIGN KEY (tournament_id) REFERENCES golfpool.tournament(id);


--
-- Name: level_xref level_xref_player_channel_id_fk; Type: FK CONSTRAINT; Schema: golfpool; Owner: xcidhpvweehrud
--

ALTER TABLE ONLY golfpool.level_xref
    ADD CONSTRAINT level_xref_player_channel_id_fk FOREIGN KEY (player_id) REFERENCES golfpool.player(id);


--
-- Name: level_xref level_xref_season_year_fkey; Type: FK CONSTRAINT; Schema: golfpool; Owner: xcidhpvweehrud
--

ALTER TABLE ONLY golfpool.level_xref
    ADD CONSTRAINT level_xref_season_year_fkey FOREIGN KEY (season_year) REFERENCES golfpool.season(year);


--
-- Name: picks_xref picks_xref_pickset_id_fkey; Type: FK CONSTRAINT; Schema: golfpool; Owner: xcidhpvweehrud
--

ALTER TABLE ONLY golfpool.picks_xref
    ADD CONSTRAINT picks_xref_pickset_id_fkey FOREIGN KEY (pickset_id) REFERENCES golfpool.pickset(id) ON DELETE CASCADE;


--
-- Name: picks_xref picks_xref_player_channel_id_fk; Type: FK CONSTRAINT; Schema: golfpool; Owner: xcidhpvweehrud
--

ALTER TABLE ONLY golfpool.picks_xref
    ADD CONSTRAINT picks_xref_player_channel_id_fk FOREIGN KEY (player_id) REFERENCES golfpool.player(id);


--
-- Name: pickset pickset_participant_id_fkey; Type: FK CONSTRAINT; Schema: golfpool; Owner: xcidhpvweehrud
--

ALTER TABLE ONLY golfpool.pickset
    ADD CONSTRAINT pickset_participant_id_fkey FOREIGN KEY (participant_id) REFERENCES golfpool.participant(id);


--
-- Name: pickset pickset_season_year_fkey; Type: FK CONSTRAINT; Schema: golfpool; Owner: xcidhpvweehrud
--

ALTER TABLE ONLY golfpool.pickset
    ADD CONSTRAINT pickset_season_year_fkey FOREIGN KEY (season_year) REFERENCES golfpool.season(year);


--
-- Name: LANGUAGE plpgsql; Type: ACL; Schema: -; Owner: postgres
--

GRANT ALL ON LANGUAGE plpgsql TO xcidhpvweehrud;


--
-- PostgreSQL database dump complete
--

